sample_id,image_id,image_file,image_path,reference_cultural_terms,reference_facets,references,vig_prediction,cultural_entity_missed,template_bias,object_hallucination,notes,draft_recovered_terms,draft_missing_terms,draft_possible_hallucinated_terms
1,64,00000000064.jpg,/home/henry/Documents/KLTN/data/public-test-images/00000000064.jpg,chợ,sinh_hoạt,có nhiều người xuất_hiện ở bên trong một khu chợ ||| đây là khung_cảnh xuất_hiện ở bên trong một khu chợ ||| có nhiều xe_cộ đang di_chuyển bên trong khu chợ ||| ở trong khu chợ có nhiều xe_cộ đang di_chuyển ||| có nhiều người đang chạy xe_máy ở trong khu chợ,có nhiều người đang xuất_hiện ở bên trong khu chợ,N,N,N,recover=chợ; generic_cues=2; AI draft; cần duyệt bằng ảnh,chợ,,
2,93,00000000093.jpg,/home/henry/Documents/KLTN/data/public-test-images/00000000093.jpg,xuồng; nón_lá; ghe,phương_tiện; trang_phục,có hai người phụ_nữ đang ngồi trên con ghe ||| có hai người phụ_nữ đang ngồi trên chiếc xuồng ||| ở trên chiếc xuồng có hai người phụ_nữ đội nón lá ||| có hai người phụ_nữ đội nón lá ở trên xuồng ||| ở trên xuồng có sự xuất_hiện của hai người phụ_nữ,có một chiếc xuồng đang di_chuyển trên mặt_nước,Y,N,REVIEW,"recover=xuồng; miss=nón_lá,ghe; possible_hallucination=mặt_nước; AI draft; cần duyệt bằng ảnh",xuồng,nón_lá; ghe,mặt_nước
3,228,00000000228.jpg,/home/henry/Documents/KLTN/data/public-test-images/00000000228.jpg,đèn_lồng,trang_trí,có một cô gái đang ngồi trên một chiếc xe_đạp ||| có một cô gái đang đi xe_đạp ở phía trước một quán nước ||| có những chiếc lồng đèn được treo ở trước mái_hiên của quán nước ||| ở trước quán nước có sự xuất_hiện của những chiếc đèn_lồng ||| ở phía trước quán nước có một cô gái đang ngồi xe_đạp,có một cô gái đang ngồi ở trên vỉa_hè,Y,Y,REVIEW,miss=đèn_lồng; generic_cues=2; possible_hallucination=vỉa_hè; AI draft; cần duyệt bằng ảnh,,đèn_lồng,vỉa_hè
4,78,00000000078.jpg,/home/henry/Documents/KLTN/data/public-test-images/00000000078.jpg,áo_dài; ghe,trang_phục; phương_tiện,có một nhóm các em học_sinh đang đứng xung_quanh một tấm bia ||| ở xung_quanh tấm bia có sự xuất_hiện của các em học_sinh ||| ở phía xa_xa của khung hình có sự xuất_hiện của một ngôi nhà có mái tranh ||| có một người mặc áo_dài đen đang thuyết_trình cho nhóm học_sinh ||| có một nhóm học_sinh đang lắng_nghe người phụ_nữ mặc áo_dài thuyết_minh,có một nhóm người đang đứng trước một khu di_tích,Y,Y,REVIEW,"miss=áo_dài,ghe; generic_cues=1; possible_hallucination=khu di_tích; AI draft; cần duyệt bằng ảnh",,áo_dài; ghe,khu di_tích
5,560,00000000560.jpg,/home/henry/Documents/KLTN/data/public-test-images/00000000560.jpg,chợ; cờ,sinh_hoạt; biểu_tượng,đây là khung_cảnh chụp ở phía trước một khu chợ ||| có nhiều người xuất_hiện ở trước cổng của khu chợ ||| có nhiều người đang ở trước cổng vào của khu chợ ||| ở trước cổng vào của khu chợ có nhiều người đang đứng ||| có những lá cờ được treo ở phía trên cổng vào khu chợ,đây là khung_cảnh xuất_hiện ở phía trước của một khu chợ,Y,N,N,recover=chợ; miss=cờ; generic_cues=1; AI draft; cần duyệt bằng ảnh,chợ,cờ,
6,509,00000000509.jpg,/home/henry/Documents/KLTN/data/public-test-images/00000000509.jpg,khu_di_tích; ngôi_chùa,kiến_trúc-cảnh_quan,có nhiều người đang di_chuyển ở lối đi vào khu di_tích ||| có một nhóm người đang di_chuyển về phía cửa vào khu di_tích ||| đây là hình_ảnh chụp lối vào của một ngôi chùa ||| đây là khung_cảnh xuất_hiện ở lối vào của một khu di_tích ||| có những chậu cây được đặt ở hai bên của khu di_tích,đây là khung_cảnh xuất_hiện ở một khu di_tích lịch_sử,Y,Y,N,recover=khu_di_tích; miss=ngôi_chùa; generic_cues=1; AI draft; cần duyệt bằng ảnh,khu_di_tích,ngôi_chùa,
7,331,00000000331.jpg,/home/henry/Documents/KLTN/data/public-test-images/00000000331.jpg,xích_lô,phương_tiện,có những chiếc xích_lô đang di_chuyển trên phố ||| có những chiếc xích_lô đang đi nối_đuôi nhau trên phố ||| có những chiếc mặt_nạ được treo ở trên bức tường ||| ở trên bức tường có những chiếc mặt_nạ đang được treo ||| ở trên phố có những chiếc xích_lô di_chuyển nối_đuôi nhau,có một_vài chiếc xích_lô đang di_chuyển ở trên đường,N,N,REVIEW,recover=xích_lô; possible_hallucination=đường; AI draft; cần duyệt bằng ảnh,xích_lô,,đường
8,428,00000000428.jpg,/home/henry/Documents/KLTN/data/public-test-images/00000000428.jpg,hàng_rong,sinh_hoạt,có nhiều người đang di_chuyển ở trên con phố ||| có nhiều người đang đi bộ ở trên con phố ||| có một_vài người bán hàng rong đang di_chuyển ở trên phố ||| có một người phụ_nữ đang vác đòn_gánh ở bên đường ||| có một nhóm người đang xuất_hiện ở trên đường,có một người đàn_ông đang cầm trên tay một bó hoa,Y,Y,REVIEW,"miss=hàng_rong; generic_cues=2; possible_hallucination=bó hoa,hoa; AI draft; cần duyệt bằng ảnh",,hàng_rong,bó hoa; hoa
9,534,00000000534.jpg,/home/henry/Documents/KLTN/data/public-test-images/00000000534.jpg,chợ; chợ_đêm,sinh_hoạt,có nhiều người đang xuất_hiện ở trong một khu chợ đêm ||| có nhiều cửa_hàng bán quần_áo ở trong khu chợ ||| có nhiều cửa_hàng trong khu chợ bày_bán các mặt_hàng quần_áo ||| đây là khung_cảnh xuất_hiện ở một khu chợ đêm ||| có nhiều người đang ở trước những cửa_hàng quần_áo,có nhiều người đang di_chuyển ở trên đường,Y,Y,REVIEW,"miss=chợ,chợ_đêm; generic_cues=1; possible_hallucination=đường; AI draft; cần duyệt bằng ảnh",,chợ; chợ_đêm,đường
10,123,00000000123.jpg,/home/henry/Documents/KLTN/data/public-test-images/00000000123.jpg,khu_phố_cổ,kiến_trúc-cảnh_quan,đây là khung_cảnh xuất_hiện ở trên một con phố ||| đây là khung_cảnh xuất_hiện bên trong khu_phố cổ ||| khu_phố cổ đang ở trong trạng_thái vắng người ||| có những ngôi nhà có tường màu vàng ở hai bên con phố ||| có nhiều cây_cổ_thụ ở hai bên vỉa_hè của khu_phố,những ngôi nhà ở trên phố đang trong trạng_thái đóng_cửa,Y,N,N,miss=khu_phố_cổ; AI draft; cần duyệt bằng ảnh,,khu_phố_cổ,
11,6370,00000006370.jpg,/home/henry/Documents/KLTN/data/public-test-images/00000006370.jpg,kiến_trúc_cổ,kiến_trúc-cảnh_quan,có một cô gái đang mặc bộ váy màu hồng ||| có một cô gái mặc váy đang đứng ở giữa đường ||| ở trên đường có một cô gái mặc váy màu hồng ||| ở trên đường có sự xuất_hiện của một cô gái mặc váy ||| có một ngôi nhà có kiến_trúc cổ ở phía xa_xa của bức ảnh,ở trên đường có sự xuất_hiện của một cô gái mặc áo_dài,Y,N,N,miss=kiến_trúc_cổ; generic_cues=2; AI draft; cần duyệt bằng ảnh,,kiến_trúc_cổ,
12,3051,00000003051.jpg,/home/henry/Documents/KLTN/data/public-test-images/00000003051.jpg,nhà_cổ; đèn_lồng,kiến_trúc-cảnh_quan; trang_trí,một cô gái đang ngồi ở trên dãy ghế gỗ ||| có một cô gái mặc váy vàng đang ngồi trên ghế ||| có những chiếc đèn_lồng được treo ở trên trần ngôi nhà ở phía sau ||| ở phía sau của cô gái là một gian nhà cổ ||| có những chiếc đèn_lồng được treo ở không gian phía trên gian nhà cổ,có một cô gái đang ngồi ở trước một ngôi nhà cổ,Y,N,N,recover=nhà_cổ; miss=đèn_lồng; generic_cues=2; AI draft; cần duyệt bằng ảnh,nhà_cổ,đèn_lồng,
13,4576,00000004576.jpg,/home/henry/Documents/KLTN/data/public-test-images/00000004576.jpg,khu_di_tích; di_tích_lịch_sử; nhà_cổ,kiến_trúc-cảnh_quan,một cô gái mặc váy xanh đang đi trước cổng khu di_tích ||| có một toà nhà cổ ở phía sau lưng của cô gái ||| ở phía sau lưng của cô gái là một cánh cổng lớn ||| ở phía sau lưng của cô gái là một khu di_tích lịch_sử ||| cô gái đang đi bộ ở trước một khu di_tích lịch_sử,có một cô gái mặc áo_dài đang đứng ở trước ngôi đền,Y,N,N,"miss=khu_di_tích,di_tích_lịch_sử,nhà_cổ; generic_cues=2; AI draft; cần duyệt bằng ảnh",,khu_di_tích; di_tích_lịch_sử; nhà_cổ,
14,4828,00000004828.jpg,/home/henry/Documents/KLTN/data/public-test-images/00000004828.jpg,nhà_thờ,kiến_trúc-cảnh_quan,có một cây thông noel ở phía trước của nhà_thờ ||| ở phía sau của cây thông noel là một nhà_thờ ||| có một nhà_thờ xuất_hiện ở phía sau của cây thông noel ||| có đông người đang tụ_tập ở phía trước của nhà_thờ ||| ở phía trước của nhà_thờ có sự xuất_hiện của một cây thông noel,đây là khung_cảnh xuất_hiện ở phía trước một nhà_thờ,N,N,N,recover=nhà_thờ; generic_cues=1; AI draft; cần duyệt bằng ảnh,nhà_thờ,,
15,1899,00000001899.jpg,/home/henry/Documents/KLTN/data/public-test-images/00000001899.jpg,toà_thành_cổ; thành_cổ,kiến_trúc-cảnh_quan,có một cái hồ ở gần với toà thành cổ ||| có một cái hồ xuất_hiện gần khu_vực có toà thành cổ ||| ở gần toà thành cổ là một cái hồ nước ||| ở một bên toà thành cổ có một cái hồ nước ||| có một cái hồ nước ở gần toà thành cổ,có một toà thành cổ xuất_hiện ở trong bức ảnh,N,N,N,"recover=toà_thành_cổ,thành_cổ; generic_cues=2; AI draft; cần duyệt bằng ảnh",toà_thành_cổ; thành_cổ,,
16,211,00000000211.jpg,/home/henry/Documents/KLTN/data/public-test-images/00000000211.jpg,chợ; nón_lá,sinh_hoạt; trang_phục,có nhiều người đang tham_gia mua_bán trong phiên chợ ||| có nhiều người đang xuất_hiện trong một khu chợ ||| có nhiều người đang đội nón lá ở trong khu chợ ||| có nhiều người đang đội nón lá ở trong phiên chợ ||| có nhiều người đội nón lá đang ở trong khu chợ,có nhiều người đang di_chuyển ở trên một khu chợ,Y,Y,N,recover=chợ; miss=nón_lá; generic_cues=1; AI draft; cần duyệt bằng ảnh,chợ,nón_lá,
17,111,00000000111.jpg,/home/henry/Documents/KLTN/data/public-test-images/00000000111.jpg,nón_lá,trang_phục,có một cậu bé đang vác theo một chiếc xe_đạp ||| có một chiếc xe_đạp đang ở trên con thuyền ||| ở trên con thuyền đang có một chiếc xe_đạp ||| có một người phụ_nữ đội nón lá đang chèo thuyền ||| có một người phụ_nữ đội nón lá đang nắm lấy tay chèo,ở trên mặt_nước có sự xuất_hiện của một chiếc thuyền,Y,Y,REVIEW,miss=nón_lá; generic_cues=2; possible_hallucination=mặt_nước; AI draft; cần duyệt bằng ảnh,,nón_lá,mặt_nước
18,415,00000000415.jpg,/home/henry/Documents/KLTN/data/public-test-images/00000000415.jpg,đèn_lồng,trang_trí,có những chiếc đèn_lồng được treo ở phía trước của toà nhà cũ ||| một ngôi nhà cũ đang trong trạng_thái mở_cửa ||| có một ngôi nhà có tường màu vàng ở trong bức ảnh ||| đây là bức ảnh chụp mặt trước của một toà nhà có tường màu vàng ||| ở phía trước của căn nhà được trang_trí bằng những chiếc đèn_lồng,đây là hình_ảnh chụp ở phía trước của một ngôi nhà,Y,N,N,miss=đèn_lồng; AI draft; cần duyệt bằng ảnh,,đèn_lồng,
19,1384,00000001384.jpg,/home/henry/Documents/KLTN/data/public-test-images/00000001384.jpg,xuồng; ghe,phương_tiện,có một nhóm người đang khám_phá khu rừng bằng thuyền ||| có một nhóm người đang di_chuyển bằng thuyền ở trên sông ||| có một con ghe đang chở người ở trên mặt_nước ||| ở trên mặt_nước có một con ghe chở người ||| có một chiếc xuồng chở người đang di_chuyển trong rừng,ở trên mặt_nước có sự xuất_hiện của một chiếc thuyền,Y,Y,N,"miss=xuồng,ghe; generic_cues=2; AI draft; cần duyệt bằng ảnh",,xuồng; ghe,
20,363,00000000363.jpg,/home/henry/Documents/KLTN/data/public-test-images/00000000363.jpg,áo_dài,trang_phục,có một cô gái mặc áo_dài đang đứng trên con phố ||| có một cô gái mặc áo_dài trắng xuất_hiện trên con phố ||| ở trên con phố có một cô gái mặc áo_dài trắng ||| có một cô gái mặc áo_dài trắng đang tạo_dáng chụp ảnh trên phố ||| có những chiếc xe_máy được dựng ở hai bên của con phố,có một cô gái mặc áo_dài đang đi bộ ở trên đường,N,N,REVIEW,recover=áo_dài; generic_cues=1; possible_hallucination=đường; AI draft; cần duyệt bằng ảnh,áo_dài,,đường
21,579,00000000579.jpg,/home/henry/Documents/KLTN/data/public-test-images/00000000579.jpg,cờ,biểu_tượng,có nhiều xe_cộ đang lưu_thông ở trên đường ||| có một nhóm những chiếc xe_máy đang di_chuyển xung_quanh chiếc ô_tô ||| có một nhóm những chiếc xe_máy đang di_chuyển xung_quanh chiếc xe_hơi ||| có một cái cột có treo lá cờ ở một bên đường ||| có một lá cờ được treo ở cái cột một bên đường,có nhiều phương_tiện giao_thông đang di_chuyển ở trên đường,Y,N,N,miss=cờ; AI draft; cần duyệt bằng ảnh,,cờ,
22,653,00000000653.jpg,/home/henry/Documents/KLTN/data/public-test-images/00000000653.jpg,khu_di_tích,kiến_trúc-cảnh_quan,có một chàng trai đang đứng trước cổng vào một khu di_tích ||| đây là khung_cảnh chụp vào buổi đêm ở khu_vực cổng vào khu di_tích ||| ở cổng vào khu di_tích có một chàng trai mặc áo đen ||| một nam thanh_niên mặc áo đen đang di_chuyển lên bậc thềm ||| một nam thanh_niên mặc áo đen đang ở khu_vực cổng vào khu di_tích,ở phía trước của toà thành có sự xuất_hiện của một người,Y,Y,N,miss=khu_di_tích; generic_cues=2; AI draft; cần duyệt bằng ảnh,,khu_di_tích,
23,1335,00000001335.jpg,/home/henry/Documents/KLTN/data/public-test-images/00000001335.jpg,xích_lô,phương_tiện,có những chiếc mặt_nạ được treo ở trên bức tường ||| có những cái mặt_nạ treo trên một bức tường ||| những chiếc xích_lô đang di_chuyển nối_tiếp nhau trên đường ||| ở trên đường có những chiếc xích_lô đang di_chuyển ||| ở trên đường có sự xuất_hiện của những chiếc xích_lô,có một_vài chiếc xích_lô đang di_chuyển ở trên đường,N,N,N,recover=xích_lô; AI draft; cần duyệt bằng ảnh,xích_lô,,
24,2803,00000002803.jpg,/home/henry/Documents/KLTN/data/public-test-images/00000002803.jpg,hàng_rong,sinh_hoạt,một bà_cụ đang gánh một cái đòn_gánh trên vai ||| một bà_cụ đang vác một gánh hàng rong ở trên đường ||| ở trên vỉa_hè có một bà_cụ đang gánh một gánh hàng rng ||| có một người mặc áo trắng đang ngồi trong căn nhà ||| có những chiếc thang được đặt ở bên ngoài của ngôi nhà,người phụ_nữ đội nón lá đang đứng ở trên vỉa_hè,Y,Y,REVIEW,miss=hàng_rong; generic_cues=1; possible_hallucination=nón lá; AI draft; cần duyệt bằng ảnh,,hàng_rong,nón lá
25,3789,00000003789.jpg,/home/henry/Documents/KLTN/data/public-test-images/00000003789.jpg,đèn_lồng; chợ; chợ_đêm,trang_trí; sinh_hoạt,có những chiếc đèn_lồng được treo ở không gian phía trên khu chợ ||| ở không gian phía trên của khu chợ có những chiếc đèn_lồng ||| có những chiếc đèn_lồng được treo ở trên khu chợ đêm ||| đây là khung_cảnh xuất_hiện vào buổi đêm ở một khu chợ ||| đây là khung_cảnh xuất_hiện ở một khu chợ đêm,có những chiếc đèn_lồng được treo ở trên trần nhà,Y,N,N,"recover=đèn_lồng; miss=chợ,chợ_đêm; AI draft; cần duyệt bằng ảnh",đèn_lồng,chợ; chợ_đêm,
26,843,00000000843.jpg,/home/henry/Documents/KLTN/data/public-test-images/00000000843.jpg,khu_phố_cổ,kiến_trúc-cảnh_quan,một chàng trai đang đứng ở ban_công một toà nhà ||| trên ban_công có một chàng trai đang nhìn khung_cảnh ở phía trước ||| có một cái đèn ở khu_vực lan_can nơi chàng trai đang đứng ||| có một khu_phố cổ xuất_hiện ở phía dưới của khung_cảnh ||| ở trên ban_công có một chàng trai đang tạo_dáng chụp ảnh,có một người đàn_ông mặc áo trắng đang đứng ở trên đường,Y,Y,REVIEW,miss=khu_phố_cổ; generic_cues=3; possible_hallucination=đường; AI draft; cần duyệt bằng ảnh,,khu_phố_cổ,đường
27,10498,00000010498.jpg,/home/henry/Documents/KLTN/data/public-test-images/00000010498.jpg,khu_di_tích; kiến_trúc_cổ,kiến_trúc-cảnh_quan,có một cô gái đang tạo_dáng chụp ảnh trước một bức tường có kiến_trúc cổ ||| ở phía trước bức tường cổ có một cô gái mặc áo đen ||| có một cô gái đang tạo_dáng chụp ảnh ở trước một khu di_tích ||| có một cô gái xuất_hiện phía trước bức tường cổ ||| có một cô gái đang tạo_dáng chụp ảnh trước một bức tường cổ,có một cặp đôi đang đứng trước một ngôi nhà cổ,Y,N,N,"miss=khu_di_tích,kiến_trúc_cổ; generic_cues=1; AI draft; cần duyệt bằng ảnh",,khu_di_tích; kiến_trúc_cổ,
28,381,00000000381.jpg,/home/henry/Documents/KLTN/data/public-test-images/00000000381.jpg,chợ,sinh_hoạt,có nhiều người đang xuất_hiện ở trong khu chợ ||| có nhiều người đang mua_bán hàng_hoá trong chợ ||| có nhiều người đang trao_đổi hàng_hoá bên trong chợ ||| ở bên trong chợ có nhiều người đang trao_đổi hàng_hoá ||| đây là khung_cảnh xuất_hiện ở bên trong một khu chợ,có nhiều người đang ngồi ở trong khu chợ,N,N,N,recover=chợ; generic_cues=2; AI draft; cần duyệt bằng ảnh,chợ,,
29,630,00000000630.jpg,/home/henry/Documents/KLTN/data/public-test-images/00000000630.jpg,đèn_lồng; ghe,trang_trí; phương_tiện,một cô gái đang ngồi ở khu_vực bên bờ sông ||| có những chiếc đèn_lồng được trang_trí ở trên chiếc ghe ||| ở trên chiếc ghe trước mặt cô gái có những chiếc đèn_lồng ||| có nhiều chiếc thuyền đang đậu ở bên bờ biển ||| ở trên mặt_nước trước mặt cô gái có sự xuất_hiện của những chiếc thuyền,có một cô gái đang ngồi ở trên một chiếc thuyền,Y,Y,N,"miss=đèn_lồng,ghe; generic_cues=2; AI draft; cần duyệt bằng ảnh",,đèn_lồng; ghe,
30,1847,00000001847.jpg,/home/henry/Documents/KLTN/data/public-test-images/00000001847.jpg,xuồng; nón_lá,phương_tiện; trang_phục,có một nhóm người đang ngồi trên một chiếc xuồng ||| có một chiếc xuồng chở người đang di_chuyển trên sông ||| có những bụi cây_xanh ở hai bên của dòng sông ||| ở hai bên của dòng sông có những bụi cây_xanh ||| có một người phụ_nữ mặc áo cam và đội nón lá đang cầm mái_chèo,có một chiếc xuồng đang di_chuyển trên mặt_nước,Y,N,REVIEW,recover=xuồng; miss=nón_lá; possible_hallucination=mặt_nước; AI draft; cần duyệt bằng ảnh,xuồng,nón_lá,mặt_nước
31,563,00000000563.jpg,/home/henry/Documents/KLTN/data/public-test-images/00000000563.jpg,áo_dài,trang_phục,một ông cụ mặc áo_dài đen đang gõ trống ||| có một ông cụ mặc áo_dài đen đang đứng trước cái trống ||| ở trước cái trống có một ông cụ mặc áo_dài đen ||| có một nhóm người đang tụ_tập ở khu_vực các bậc thềm ||| ở trên các bậc thềm có nhiều người đang tụ_tập,có một nhóm người đang đứng ở trên sân_khấu,Y,Y,N,miss=áo_dài; generic_cues=1; AI draft; cần duyệt bằng ảnh,,áo_dài,
32,303,00000000303.jpg,/home/henry/Documents/KLTN/data/public-test-images/00000000303.jpg,ghe,phương_tiện,có những bức tượng được trưng_bày ở trong căn phòng ||| có những bức tượng được trưng_bày trong bảo_tàng ||| ở trong bảo_tàng có một nhóm du_khách tham_quan ||| có một nhóm người đang đứng nghe một người đàn_ông_đội mũ đen thuyết_trình ||| ở trước mặt nhóm du_khách có những bức tượng,có một nhóm người đang tham_quan trong căn phòng trưng_bày,Y,N,N,miss=ghe; AI draft; cần duyệt bằng ảnh,,ghe,
33,1291,00000001291.jpg,/home/henry/Documents/KLTN/data/public-test-images/00000001291.jpg,cờ,biểu_tượng,có hai lá cờ được treo ở phía trước một căn nhà ||| có một người đàn_ông đang dắt theo một đứa bé ở dưới nhà ||| có một người đàn_ông đang dắt một em bé ở dưới nhà ||| ở dưới nhà có một người đàn_ông dắt theo một đứa bé ||| có hai lá cờ được treo ở không gian phía trên của ngôi nhà,có một người đàn_ông đang đứng ở trên vỉa_hè,Y,Y,REVIEW,miss=cờ; generic_cues=3; possible_hallucination=vỉa_hè; AI draft; cần duyệt bằng ảnh,,cờ,vỉa_hè
34,939,00000000939.jpg,/home/henry/Documents/KLTN/data/public-test-images/00000000939.jpg,khu_di_tích,kiến_trúc-cảnh_quan,có một nhóm người đang đứng trước một khu di_tích ||| có một nhóm người đang tụ_tập trước khu di_tích ||| có một nhóm người đang trò_chuyện trước khu di_tích ||| ở trước khu di_tích có một nhóm người đang tụ_tập ||| ở trước khu di_tích có một nhóm người đang trò_chuyện với nhau,có nhiều người đang đứng trước một khu di_tích,N,N,N,recover=khu_di_tích; generic_cues=2; AI draft; cần duyệt bằng ảnh,khu_di_tích,,
35,4688,00000004688.jpg,/home/henry/Documents/KLTN/data/public-test-images/00000004688.jpg,xích_lô,phương_tiện,hai người đàn_ông ngồi trên xích_lô đang trao_đổi với nhau ||| hai người đàn_ông trên xích_lô đang nói_chuyện với nhau ||| có hai chiếc xích_lô đang di_chuyển bên cạnh nhau ||| ở trên đường có sự xuất_hiện của hai chiếc xích_lô ||| ở trên đường có hai chiếc xích_lô đang đi cạnh nhau,ở trên đường có sự xuất_hiện của những chiếc xích_lô,N,N,N,recover=xích_lô; generic_cues=2; AI draft; cần duyệt bằng ảnh,xích_lô,,
36,4847,00000004847.jpg,/home/henry/Documents/KLTN/data/public-test-images/00000004847.jpg,hàng_rong; nón_lá,sinh_hoạt; trang_phục,có một người đội nón lá đang gánh một cái đòn_gánh ||| một người đội nón lá đang gánh hàng rong trên vỉa_hè ||| ở trên vỉa_hè có một người đang gánh hàng rong ||| có một giàn hoa_màu tím ở trước ngôi nhà có tường màu vàng ||| ở bên đường có một người đang gánh một cái đòn_gánh,có một người phụ_nữ đội nón lá đang đứng ở trên đường,Y,N,N,recover=nón_lá; miss=hàng_rong; generic_cues=3; AI draft; cần duyệt bằng ảnh,nón_lá,hàng_rong,
37,4271,00000004271.jpg,/home/henry/Documents/KLTN/data/public-test-images/00000004271.jpg,chợ; chợ_đêm,sinh_hoạt,có nhiều người đang tham_gia vào khu chợ đêm ||| ở trong khu chợ đêm có nhiều người tham_gia ||| đây là khung_cảnh xuất_hiện ở một khu chợ đêm ||| có nhiều người đang đứng ở trước các quầy hàng bên đường ||| ở bên đường có sự xuất_hiện của nhiều quầy hàng,có nhiều người đang xuất_hiện ở bên trong khu chợ,Y,Y,N,recover=chợ; miss=chợ_đêm; generic_cues=2; AI draft; cần duyệt bằng ảnh,chợ,chợ_đêm,
38,4809,00000004809.jpg,/home/henry/Documents/KLTN/data/public-test-images/00000004809.jpg,đèn_lồng; khu_phố_cổ,trang_trí; kiến_trúc-cảnh_quan,có những chiếc đèn_lồng được treo ở không gian phía trên của khu_phố ||| ở không gian phía trên của khu_phố có sự xuất_hiện của những chiếc đèn_lồng ||| có những chiếc đèn_lồng được trang_trí ở không gian phía trên khu_phố ||| có những chiếc xe_đạp xuất_hiện ở hai bên đường ||| đây là khung_cảnh chụp vào buổi đêm ở một khu_phố cổ,có những chiếc đèn_lồng được treo ở trên đường,Y,N,N,recover=đèn_lồng; miss=khu_phố_cổ; AI draft; cần duyệt bằng ảnh,đèn_lồng,khu_phố_cổ,
39,371,00000000371.jpg,/home/henry/Documents/KLTN/data/public-test-images/00000000371.jpg,nón_lá,trang_phục,có một cô gái đội nón rộng vành đang đứng trên đường ||| ở trên đường có sự xuất_hiện của một cô gái ||| có một cô gái đang đứng trước một cửa_hàng quần_áo ||| có một cửa_hàng quần_áo ở phía sau lưng cô gái váy hồng ||| có một cô gái mặc váy hồng đang đứng trên con phố,có một cô gái mặc áo_dài đang đứng ở trên vỉa_hè,Y,N,REVIEW,miss=nón_lá; generic_cues=2; possible_hallucination=vỉa_hè; AI draft; cần duyệt bằng ảnh,,nón_lá,vỉa_hè
40,933,00000000933.jpg,/home/henry/Documents/KLTN/data/public-test-images/00000000933.jpg,đèn_lồng,trang_trí,có những chiếc xe_đạp ở trước sân của quán ||| ở trước sân của quán có sự xuất_hiện của những chiếc xe_đạp ||| có những chiếc đèn_lồng được treo ở trước ngôi nhà gỗ ||| đây là khung_cảnh chụp ở phía trước một ngôi nhà gỗ ||| ở trước ngôi nhà gỗ có sự xuất_hiện của một dây đèn_lồng màu vàng,có một_vài chiếc đèn_lồng được treo ở trên vỉa_hè,N,N,REVIEW,recover=đèn_lồng; possible_hallucination=vỉa_hè; AI draft; cần duyệt bằng ảnh,đèn_lồng,,vỉa_hè
41,1888,00000001888.jpg,/home/henry/Documents/KLTN/data/public-test-images/00000001888.jpg,xuồng; nón_lá,phương_tiện; trang_phục,một nhóm người đang di_chuyển ở trên dòng nước bằng xuồng ||| có những chiếc xuồng có viền màu xanh xuất_hiện trên mặt_nước ||| có những cô gái đội nón lá đang ngồi cùng nhau trên một cái xuồng ||| có hai cô gái đeo kính_râm đang tạo_dáng chụp ảnh ||| có những chiếc thuyền có viền màu xanh đang đậu ở trên sông,có một_vài người đang di_chuyển ở trên mặt_nước,Y,N,N,"miss=xuồng,nón_lá; AI draft; cần duyệt bằng ảnh",,xuồng; nón_lá,
42,2474,00000002474.jpg,/home/henry/Documents/KLTN/data/public-test-images/00000002474.jpg,áo_dài; nón_lá,trang_phục,một cô gái đội nón lá đang tạo_dáng bên con sông ||| một cô gái mặc váy trắng đang đội một chiếc nón lá ||| có một chiếc nón lá ở trên đầu cô gái mặc áo_dài trắng ||| có một cây cầu bắc ngang qua con sông ở phía sau cô gái ||| ở phía sau cô gái là một cây cầu bắc qua sông,có một cô gái đội nón lá đang đứng ở bên bờ sông,Y,N,N,recover=nón_lá; miss=áo_dài; generic_cues=2; AI draft; cần duyệt bằng ảnh,nón_lá,áo_dài,
43,582,00000000582.jpg,/home/henry/Documents/KLTN/data/public-test-images/00000000582.jpg,ghe,phương_tiện,một nhóm người đang đứng trước một bức tượng đồng ||| có một nhóm người đang đeo tai nghe trước một bức tượng ||| một bức tượng xuất_hiện ở trước mặt của nhóm người ||| có những bức tượng được trưng_bày ở trong căn phòng ||| có một nhóm người xuất_hiện ở trước bức tượng đồng,có nhiều người đang tham_quan trong căn phòng trưng_bày,Y,Y,N,miss=ghe; generic_cues=1; AI draft; cần duyệt bằng ảnh,,ghe,
44,1339,00000001339.jpg,/home/henry/Documents/KLTN/data/public-test-images/00000001339.jpg,cờ,biểu_tượng,có hai cô gái đang đứng bên một quầy hàng bánh_kẹo ||| có những lá cờ đỏ sao_vàng ở trên quầy hàng ||| ở trên quầy hàng có hai lá cờ đỏ sao_vàng ||| ở hai cô gái đang cùng nhìn về một cái hộp màu nâu ||| cô gái mặc áo trắng đang cầm trên tay một cái hộp,có nhiều hàng_hoá xuất_hiện ở trên kệ hàng,Y,N,N,miss=cờ; AI draft; cần duyệt bằng ảnh,,cờ,
45,1167,00000001167.jpg,/home/henry/Documents/KLTN/data/public-test-images/00000001167.jpg,khu_di_tích,kiến_trúc-cảnh_quan,có nhiều người đang di_chuyển ở trên mặt đường ||| có một chiếc xe_đạp đang được dựng ở trước cổng khu di_tích ||| có một chiếc xe_đạp xuất_hiện ở khu_vực cổng của khu di_tích ||| một người mặc áo nâu đang đứng ở cổng của khu di_tích ||| có nhiều người đang di_chuyển ở phía trước khu di_tích,có nhiều người đang xuất_hiện ở bên trong khu chợ,Y,Y,REVIEW,miss=khu_di_tích; generic_cues=2; possible_hallucination=khu chợ; AI draft; cần duyệt bằng ảnh,,khu_di_tích,khu chợ
46,5033,00000005033.jpg,/home/henry/Documents/KLTN/data/public-test-images/00000005033.jpg,xích_lô,phương_tiện,một người đàn_ông đang đạp một chiếc xích_lô ||| một người đàn_ông đang điều_khiển xích_lô trên đường ||| ở trên đường có một người đội mũ cối đang đạp xích_lô ||| người đàn_ông_đội mũ cối đang đạp xích_lô ||| có những cửa_hàng xuất_hiện ở phía bên kia đường,có một chiếc xe_máy đang di_chuyển ở trên đường,Y,N,REVIEW,miss=xích_lô; possible_hallucination=xe_máy; AI draft; cần duyệt bằng ảnh,,xích_lô,xe_máy
47,6269,00000006269.jpg,/home/henry/Documents/KLTN/data/public-test-images/00000006269.jpg,hàng_rong,sinh_hoạt,có một_vài người đang đứng ở bên lề_đường ||| có một sạp hàng rong xuất_hiện bên lề_đường ||| ngôi nhà có bảng_hiệu màu đen thì đang đóng_cửa ||| có nhiều người đang xuất_hiện ở bên lề_đường ||| ở bên lề_đường có sự xuất_hiện của nhiều người,có một_vài người đang xuất_hiện ở trên vỉa_hè,Y,Y,REVIEW,miss=hàng_rong; generic_cues=1; possible_hallucination=vỉa_hè; AI draft; cần duyệt bằng ảnh,,hàng_rong,vỉa_hè
48,403,00000000403.jpg,/home/henry/Documents/KLTN/data/public-test-images/00000000403.jpg,nón_lá,trang_phục,có một cô gái đội nón lá đang đứng trên cây cầu ||| có một cô gái mặc váy cam đang đội nón lá trên đầu ||| ở trên đầu của cô gái mặc váy cam là chiếc nón lá ||| có một cây cầu bắc ngang qua sông xuất_hiện ở phía xa_xa khung hình ||| có một cây cầu cũ bắc ngang qua con sông,có một cô gái đội nón lá đang đứng ở trên sông,N,N,N,recover=nón_lá; generic_cues=2; AI draft; cần duyệt bằng ảnh,nón_lá,,
49,1106,00000001106.jpg,/home/henry/Documents/KLTN/data/public-test-images/00000001106.jpg,đèn_lồng,trang_trí,một cô gái đang tạo_dáng chụp ảnh cùng những chiếc đèn_lồng ||| có những chiếc đèn_lồng ở xung_quanh cô gái áo trắng ||| có những chiếc đèn_lồng xuất_hiện xung_quanh cô gái ||| ở xung_quanh cô gái có những chiếc đèn_lồng ||| một cô gái đang đứng ở bên những chiếc đèn_lồng,cô gái đang cầm trên tay những chiếc đèn_lồng,N,N,N,recover=đèn_lồng; AI draft; cần duyệt bằng ảnh,đèn_lồng,,
50,1996,00000001996.jpg,/home/henry/Documents/KLTN/data/public-test-images/00000001996.jpg,xuồng; chợ,phương_tiện; sinh_hoạt,có những chiếc xuồng chở hoa_quả ở trên chợ_nổi ||| đây là khung_cảnh xuất_hiện ở một khu chợ_nổi ||| ở trên chợ_nổi có một_vài con thuyền chở hoa_quả ||| có những con thuyền chở hàng_hoá đang tham_gia vào chợ_nổi ||| ở trên mặt_nước có những con thuyền chở theo hàng_hoá,có một_vài người đang ngồi trên những chiếc thuyền,Y,Y,N,"miss=xuồng,chợ; generic_cues=1; AI draft; cần duyệt bằng ảnh",,xuồng; chợ,
51,3029,00000003029.jpg,/home/henry/Documents/KLTN/data/public-test-images/00000003029.jpg,áo_dài,trang_phục,một nam thanh_niên mặc áo_dài trắng đang đi bộ trên đường ||| ở trên đường có một nam thanh_niên đang đi bộ ||| một nam thanh_niên đang đi bộ ở trên đường ||| một người đàn_ông đang ngồi trên xe_máy ở bên đường ||| ở bên đường có một người đàn_ông đang ngồi trên xe_máy,có một người đang đạp xe ở trên đường,Y,Y,N,miss=áo_dài; generic_cues=1; AI draft; cần duyệt bằng ảnh,,áo_dài,
52,3602,00000003602.jpg,/home/henry/Documents/KLTN/data/public-test-images/00000003602.jpg,cờ,biểu_tượng,có một đồng_chí đang cầm cờ ở trên bục ||| ở trên bục có ba chiến_sĩ mặc quân_phục ||| có một người đang cầm một tờ giấy màu đỏ ||| nhóm chiến_sĩ đứng trên bục đang thực_hiện động_tác chào cờ ||| trên bục có một nhóm chiến_sĩ công_an đang chào cờ,có một nhóm người đang đứng ở trên sân_khấu,Y,Y,N,miss=cờ; generic_cues=1; AI draft; cần duyệt bằng ảnh,,cờ,
53,1219,00000001219.jpg,/home/henry/Documents/KLTN/data/public-test-images/00000001219.jpg,khu_di_tích,kiến_trúc-cảnh_quan,có một đám học_sinh đang chụp ảnh trước cổng khu di_tích ||| có một đám đông đang đứng trên những bậc thang ||| ở trên lối đi lên khu di_tích có một đám học_sinh đang chụp ảnh ||| một đám học_sinh đang chụp ảnh ở lối đi lên khu di_tích ||| ở trước cổng vào khu di_tích có một đám học_sinh đang chụp ảnh,có một đám đông đang chụp ảnh tập_thể trước một khu di_tích,N,N,N,recover=khu_di_tích; AI draft; cần duyệt bằng ảnh,khu_di_tích,,
54,9652,00000009652.jpg,/home/henry/Documents/KLTN/data/public-test-images/00000009652.jpg,xích_lô,phương_tiện,một người đàn_ông mặc áo hồng đang ngồi trên chiếc xích_lô ||| một người đàn_ông mặc áo hồng đang ngồi vắt chéo chân ||| có một chiếc xích_lô chở theo một người đàn_ông mặc áo hồng ||| có một người phụ_nữ xách theo những túi_bóng đang đi bên chiếc xích_lô ||| ở một bên chiếc xích_lô có một người phụ_nữ cầm theo những cái túi,có một người phụ_nữ đang dắt xe_đạp ở trên đường,Y,Y,REVIEW,"miss=xích_lô; generic_cues=2; possible_hallucination=xe_đạp,đường; AI draft; cần duyệt bằng ảnh",,xích_lô,xe_đạp; đường
55,578,00000000578.jpg,/home/henry/Documents/KLTN/data/public-test-images/00000000578.jpg,chợ,sinh_hoạt,có một_vài người đang đứng ở một quầy hàng quần_áo ||| có một_vài người đang lựa áo ở cửa_hàng quần_áo ||| có nhiều mặt_hàng quần_áo được bày_bán trong khu chợ ||| trong khu chợ có nhiều quầy hàng bán quần_áo ||| có một_vài người đang đứng ở quầy hàng bán quần_áo,có nhiều mặt_hàng quần_áo được bày_bán trong cửa_hàng,Y,N,N,miss=chợ; AI draft; cần duyệt bằng ảnh,,chợ,
56,893,00000000893.jpg,/home/henry/Documents/KLTN/data/public-test-images/00000000893.jpg,nón_lá,trang_phục,một người phụ_nữ đang nhìn về quầy hàng hoa_quả ||| có một_vài bắp_ngô xuất_hiện trước mặt người phụ_nữ đội nón rộng vành ||| một bà_cụ mặc áo đen đang nhìn về những bắp_ngô trên kệ ||| có một_vài bắp_ngô ở trên kệ hàng trước mặt bà_cụ ||| bà_cụ đang đứng trước một kệ hàng bày_bán rau củ quả,có một người phụ_nữ đang đứng bên một quầy hàng,Y,Y,N,miss=nón_lá; generic_cues=3; AI draft; cần duyệt bằng ảnh,,nón_lá,
57,1898,00000001898.jpg,/home/henry/Documents/KLTN/data/public-test-images/00000001898.jpg,đèn_lồng; chợ,trang_trí; sinh_hoạt,có nhiều người xuất_hiện ở bên trong khu chợ ||| ở bên trong khu chợ có sự xuất_hiện của nhiều người ||| đây là khung_cảnh bên trong một khu chợ vào buổi tối ||| có những chiếc đèn_lồng được treo ở không gian phía trên khu chợ ||| có nhiều quầy hàng bán quần_áo ở trong khu chợ,có nhiều người đang xuất_hiện ở trong khu chợ,Y,Y,N,recover=chợ; miss=đèn_lồng; generic_cues=3; AI draft; cần duyệt bằng ảnh,chợ,đèn_lồng,
58,2547,00000002547.jpg,/home/henry/Documents/KLTN/data/public-test-images/00000002547.jpg,xuồng; nón_lá,phương_tiện; trang_phục,một cô gái đội nón lá đang ngồi trên chiếc xuồng ||| ở trên chiếc xuồng có một cô gái đội nón lá ||| một cô gái mặc váy trắng đang đội chiếc nón lá trên đầu ||| một cô gái đội nón lá đang ngồi thuyền để di_chuyển trên sông ||| có một con thuyền chở theo cô gái mặc váy trắng,có một chiếc thuyền đang di_chuyển ở trên sông,Y,N,N,"miss=xuồng,nón_lá; AI draft; cần duyệt bằng ảnh",,xuồng; nón_lá,
59,3755,00000003755.jpg,/home/henry/Documents/KLTN/data/public-test-images/00000003755.jpg,áo_dài; nón_lá,trang_phục,một cô gái đang đặt tay lên chiếc nón lá ||| có một cô gái đội nón lá đang tạo_dáng chụp ảnh ||| ở phía sau của cô gái là một cây cầu có mái che ||| có một cây cầu có mái che ở phía sau của cô gái ||| có một cô gái mặc áo_dài và đội nón lá đang chụp ảnh,ở phía sau lưng của cô gái có sự xuất_hiện của một cô gái,Y,Y,N,"miss=áo_dài,nón_lá; generic_cues=2; AI draft; cần duyệt bằng ảnh",,áo_dài; nón_lá,
60,4792,00000004792.jpg,/home/henry/Documents/KLTN/data/public-test-images/00000004792.jpg,cờ,biểu_tượng,có hai cô gái đang đứng ở trước một cửa_hàng ||| có những chùm bóng bay ở phía sau lưng hai cô gái ||| ở phía sau lưng hai cô gái là một chùm bóng bay ||| có những lá cờ xuất_hiện ở phía sau của hai cô gái ||| có hai cô gái xuất_hiện ở trước một quầy hàng,có hai cô gái đang đứng ở trước một quầy hàng,Y,Y,N,miss=cờ; generic_cues=1; AI draft; cần duyệt bằng ảnh,,cờ,
61,1682,00000001682.jpg,/home/henry/Documents/KLTN/data/public-test-images/00000001682.jpg,khu_di_tích,kiến_trúc-cảnh_quan,một nhóm người đang tham_quan ở một khu di_tích ||| có một nhóm người đang đứng ở khu_vực lối đi xuống một cái hầm ||| có một lối đi xuống hầm ở trước mặt nhóm khách tham_quan ||| ở trước mặt nhóm khách tham_quan có một lối đi xuống hầm ||| có một lối đi xuống hầm ở trước mặt nhóm người tham_quan,có nhiều người đang xuất_hiện ở trong khu di_tích,N,N,N,recover=khu_di_tích; generic_cues=3; AI draft; cần duyệt bằng ảnh,khu_di_tích,,
62,10651,00000010651.jpg,/home/henry/Documents/KLTN/data/public-test-images/00000010651.jpg,xích_lô,phương_tiện,có một người đàn_ông đang đạp xích_lô ở bên đường ||| ở bên đường có một người đàn_ông đang đạp xích_lô ||| có một người đàn_ông đang điều_khiển chiếc xích_lô ||| ở bên đường có sự xuất_hiện của một chiếc xích_lô ||| có nhiều cây_xanh xuất_hiện ở trên vỉa_hè,có một người đang đạp xe ở trên đường,Y,Y,N,miss=xích_lô; generic_cues=1; AI draft; cần duyệt bằng ảnh,,xích_lô,
63,920,00000000920.jpg,/home/henry/Documents/KLTN/data/public-test-images/00000000920.jpg,chợ,sinh_hoạt,có một nhóm người đang mua_bán rau củ ở trong chợ ||| có một nhóm người đang tụ_tập quanh một sap hàng rau củ quả ||| có một bà_cụ mặc áo sọc đang ngồi bên trong sạp hàng ||| đây là khung_cảnh xuất_hiện ở một sạp hàng rau củ trong chợ ||| có một nhóm người đang mua rau củ quả ở sạp hàng của bà_cụ áo sọc đỏ,có nhiều người đang xuất_hiện ở trong khu chợ,N,N,REVIEW,recover=chợ; generic_cues=3; possible_hallucination=khu chợ; AI draft; cần duyệt bằng ảnh,chợ,,khu chợ
64,1096,00000001096.jpg,/home/henry/Documents/KLTN/data/public-test-images/00000001096.jpg,nón_lá,trang_phục,đây là khung_cảnh xuất_hiện ở một con đường ||| có một chiếc xe chở hàng ở lề_đường phía bên trái ||| ở vỉa_hè phía bên phải có sự xuất_hiện của một đống gạch ||| có một đống gạch ở vỉa_hè phía bên phải ||| một người đội nón lá đang đứng ở vỉa_hè phía bên phải,ở trên đường có sự xuất_hiện của một người phụ_nữ đội nón lá,N,N,N,recover=nón_lá; generic_cues=2; AI draft; cần duyệt bằng ảnh,nón_lá,,
65,2851,00000002851.jpg,/home/henry/Documents/KLTN/data/public-test-images/00000002851.jpg,đèn_lồng,trang_trí,có những chiếc đèn_lồng được treo ở trước ngôi nhà ||| ở trước ngôi nhà có những chiếc đèn_lồng màu đỏ ||| có những bộ bàn_ghế được đặt ở trước ngôi nhà ||| có những bộ bàn_ghế được đặt ở trên vỉa_hè trước quán nước ||| có những chậu cây được đặt ở phía trước cửa nhà,có nhiều bộ bàn_ghế được đặt ở trên trần nhà,Y,N,N,miss=đèn_lồng; AI draft; cần duyệt bằng ảnh,,đèn_lồng,
66,2613,00000002613.jpg,/home/henry/Documents/KLTN/data/public-test-images/00000002613.jpg,xuồng,phương_tiện,có một người phụ_nữ mặc áo hồng đang cầm một chậu cây ||| có một chậu cây ở trên tay của cô gái ||| ở trên tay của cô gái áo hồng có một chậu cây ||| có một cô gái mặc áo hồng đang ngồi xuồng để đi trên sông ||| một cô gái đang ngồi trên xuồng để di_chuyển trên sông,có một cô gái đang ngồi trên một chiếc thuyền,Y,Y,REVIEW,miss=xuồng; generic_cues=2; possible_hallucination=thuyền; AI draft; cần duyệt bằng ảnh,,xuồng,thuyền
67,4593,00000004593.jpg,/home/henry/Documents/KLTN/data/public-test-images/00000004593.jpg,đèn_lồng; áo_dài,trang_trí; trang_phục,có những chiếc đèn_lồng được trang_trí ở không gian phía trên của con đường ||| có những chiếc đèn_lồng được treo ở phía trên của con đường ||| ở phía trên của con đường có sự xuất_hiện của những chiếc đèn_lồng ||| có hai cô gái mặc áo_dài trắng đang dắt nhau đi trên đường ||| đây là khung_cảnh xuất_hiện ở một khu_phố,có những chiếc đèn_lồng được treo ở trên đường,Y,N,N,recover=đèn_lồng; miss=áo_dài; AI draft; cần duyệt bằng ảnh,đèn_lồng,áo_dài,
68,1434,00000001434.jpg,/home/henry/Documents/KLTN/data/public-test-images/00000001434.jpg,ghe,phương_tiện,có một nhóm người đang di_chuyển bằng thuyền trong khu rừng ||| có một nhóm người đang tham_quan khu rừng bằng thuyền ||| có một con thuyền chở người đang di_chuyển trên sông ||| ở trên mặt_nước có một chiếc ghe đang chở theo một nhóm người ||| có một nhóm người đang ngồi trên ghe để di_chuyển trên sông,có một nhóm người đang di_chuyển trên sông,Y,N,N,miss=ghe; AI draft; cần duyệt bằng ảnh,,ghe,
69,5072,00000005072.jpg,/home/henry/Documents/KLTN/data/public-test-images/00000005072.jpg,cờ,biểu_tượng,có một nhóm người đang đi bộ thành một hàng ngang ||| có những lá cờ được treo ở những ngôi nhà bên đường ||| ở trước những ngôi nhà hai bên đường có những lá cờ đỏ sao_vàng ||| một nhóm bạn trẻ đang đi bộ ở trên con phố ||| ở trên con phố có nhiều người đang đi bộ,có nhiều người đang di_chuyển ở trên đường,Y,Y,N,miss=cờ; generic_cues=1; AI draft; cần duyệt bằng ảnh,,cờ,
70,926,00000000926.jpg,/home/henry/Documents/KLTN/data/public-test-images/00000000926.jpg,chợ,sinh_hoạt,có nhiều người đang di_chuyển bên trong khu chợ ||| có nhiều người đang xuất_hiện bên trong khu chợ ||| ở trong khu chợ có nhiều người đang di_chuyển ||| có nhiều người đang di_chuyển ở lối đi trong chợ ||| có nhiều mặt_hàng đồ trang_trí được bày_bán ở hai bên lối đi,có nhiều người đang xuất_hiện ở bên trong khu chợ,N,N,N,recover=chợ; generic_cues=2; AI draft; cần duyệt bằng ảnh,chợ,,
71,1185,00000001185.jpg,/home/henry/Documents/KLTN/data/public-test-images/00000001185.jpg,nón_lá,trang_phục,một cô gái mặc áo bà_ba đang cầm trên tay một chiếc nón lá ||| có một chiếc nón lá ở trên tay cô gái ||| ở trên tay của cô gái có sự xuất_hiện của một chiếc nón lá ||| trên tay cô gái mặc áo bà_ba là một chiếc nón lá ||| có một chiếc nón lá trên tay cô gái mặc áo bà_ba,cô gái đang cầm trên tay một chiếc nón lá,N,N,N,recover=nón_lá; AI draft; cần duyệt bằng ảnh,nón_lá,,
72,2980,00000002980.jpg,/home/henry/Documents/KLTN/data/public-test-images/00000002980.jpg,đèn_lồng,trang_trí,có một chiếc xe_đạp ở trước sân của cửa_hàng ||| có một_vài người đang ngồi bên trong cửa_hàng ||| ở bên trong cửa_hàng có một_vài người đang ngồi ||| có những chiếc đèn_lồng được treo ở bên ngoài của cửa_hàng ||| ở không gian phía trước của cửa_hàng có những chiếc đèn_lồng,ở phía trước quán ăn có sự xuất_hiện của những chiếc đèn_lồng,N,N,N,recover=đèn_lồng; generic_cues=2; AI draft; cần duyệt bằng ảnh,đèn_lồng,,
73,2808,00000002808.jpg,/home/henry/Documents/KLTN/data/public-test-images/00000002808.jpg,xuồng,phương_tiện,một cô gái đeo khăn trên trán đang mỉm cười ||| có một cô gái ngồi trên chiếc xuồng đang mỉm cười ||| một cô gái mặc áo trắng đang mỉm cười trên chiếc thuyền ||| có một cô gái đang di_chuyển bằng thuyền ở trên sông ||| ở trên trán của cô gái ngồi trên thuyền có một tấm khăn,có một cô gái đang ngồi ở trên một con thuyền,Y,Y,N,miss=xuồng; generic_cues=2; AI draft; cần duyệt bằng ảnh,,xuồng,
74,4657,00000004657.jpg,/home/henry/Documents/KLTN/data/public-test-images/00000004657.jpg,áo_dài; ghe,trang_phục; phương_tiện,một cô gái mặc áo_dài hồng đang thuyết bình bên tấm bản_đồ ||| có một tấm bản_đồ ở bên cạnh cô gái cầm micro ||| có một nhóm người đang chăm_chú lắng_nghe cô gái mặc áo_dài hồng ||| có một nhóm người đang đứng trước cô gái mặc áo_dài màu hồng ||| cô gái mặc áo_dài màu hồng đang thuyết_trình trước đám đông,có một nhóm người đang đứng ở trong căn phòng trưng_bày,Y,Y,N,"miss=áo_dài,ghe; generic_cues=1; AI draft; cần duyệt bằng ảnh",,áo_dài; ghe,
75,2996,00000002996.jpg,/home/henry/Documents/KLTN/data/public-test-images/00000002996.jpg,ghe,phương_tiện,có một nhóm bạn trẻ đang lắng_nghe cô gái áo đen thuyết_trình ||| một nhóm bạn trẻ đang chú_ý về phía cô gái mặc áo đen ||| cô gái mặc áo đen đang thuyết_trình trước nhóm bạn trẻ ||| cô gái mặc áo đen đang thuyết_trình trước nhóm người tham_quan ||| có một nhóm người đang đứng ở bên trong bảo_tàng,có một nhóm người đang đứng trước một bảo_tàng,Y,Y,N,miss=ghe; generic_cues=1; AI draft; cần duyệt bằng ảnh,,ghe,
76,10518,00000010518.jpg,/home/henry/Documents/KLTN/data/public-test-images/00000010518.jpg,cờ,biểu_tượng,có nhiều người đang đứng ở quầy thanh_toán của siêu_thị ||| có những lá cờ màu đỏ được treo ở không gian phía trên siêu_thị ||| có một giỏ hàng màu đỏ ở trước mặt cô gái mặc áo trắng ||| có một nhóm người đang đứng quanh quầy thu_ngân của siêu_thị ||| có một nam thanh_niên đang khoanh_tay ở một bên quầy thu_ngân,có một_vài người đang đứng ở quầy tính tiền,Y,Y,N,miss=cờ; generic_cues=1; AI draft; cần duyệt bằng ảnh,,cờ,
77,1191,00000001191.jpg,/home/henry/Documents/KLTN/data/public-test-images/00000001191.jpg,chợ,sinh_hoạt,có nhiều mặt_hàng rau củ được bày_bán ở bên đường ||| đây là khung_cảnh chụp những sạp hàng rau củ ở trong chợ ||| có nhiều người đang di_chuyển bên trong chợ ||| ở bên trong chợ có nhiều người đang di_chuyển ||| có nhiều loại rau củ được bày_bán ở các sạp hàng bên đường,có nhiều mặt_hàng rau củ quả được bày_bán ở trên đường,Y,N,N,miss=chợ; AI draft; cần duyệt bằng ảnh,,chợ,
78,1302,00000001302.jpg,/home/henry/Documents/KLTN/data/public-test-images/00000001302.jpg,nón_lá,trang_phục,một cô gái đang đứng ở bên lan_can một cây cầu ||| cô gái đội nón lá đang nhìn xuống dưới lòng của con sông ||| ở bên cạnh lan_can cầu có một cô gái và một chiếc xe_đạp ||| có một chiếc xe_đạp được dựng ở bên lan_can cầu ||| ở bên cạnh lan_can cầu có một cô gái đội nón lá,có một cô gái đang đứng ở bên một con sông,Y,Y,N,miss=nón_lá; generic_cues=2; AI draft; cần duyệt bằng ảnh,,nón_lá,
79,2921,00000002921.jpg,/home/henry/Documents/KLTN/data/public-test-images/00000002921.jpg,xuồng,phương_tiện,có những chiếc xuồng chở cây_cảnh ở trên sông ||| có những chiếc thuyền chở cây_cảnh ở trên sông ||| ở trên sông có những chiếc thuyền chở theo cây_cảnh ||| có những chiếc thuyền chở theo những cây hoa ở trên sông ||| ở trên mặt_nước có những con thuyền đang chở hoa và cây_cảnh,ở trên mặt_nước có sự xuất_hiện của những chiếc thuyền,Y,Y,N,miss=xuồng; generic_cues=2; AI draft; cần duyệt bằng ảnh,,xuồng,
80,5137,00000005137.jpg,/home/henry/Documents/KLTN/data/public-test-images/00000005137.jpg,áo_dài,trang_phục,cô gái mặc áo_dài màu xanh đang cầm trên tay một cành hoa ||| có những cành hoa ở trên tay cô gái mặc áo_dài xanh ||| có một cô gái mặc áo_dài đang tạo_dáng ở trên đường ||| ở giữa lòng_đường có một cô gái mặc áo_dài màu xanh ||| một cô gái mặc áo_dài màu xanh đang đứng ở trên đường,có một cô gái mặc áo_dài đang đứng ở trên đường,N,N,N,recover=áo_dài; generic_cues=2; AI draft; cần duyệt bằng ảnh,áo_dài,,
81,11627,00000011627.jpg,/home/henry/Documents/KLTN/data/public-test-images/00000011627.jpg,cờ,biểu_tượng,có những cột cờ ở hai bên của bức tượng ||| ở hai bên của bức tượng có những cột cờ ||| có một bức tượng xuất_hiện ở đài tưởng_niệm ||| đây là bức ảnh chụp khung_cảnh phía trước một bức tượng ||| có những chậu cây được đặt ở xung_quanh phía dưới của bức tượng,ở phía sau lưng của bức tượng có sự xuất_hiện của một bức tượng,Y,Y,N,miss=cờ; generic_cues=2; AI draft; cần duyệt bằng ảnh,,cờ,
82,1373,00000001373.jpg,/home/henry/Documents/KLTN/data/public-test-images/00000001373.jpg,chợ,sinh_hoạt,có nhiều người đang di_chuyển bên trong một khu chợ ||| có nhiều người xuất_hiện ở bên trong khu chợ ||| ở bên trong khu chợ có nhiều người đang di_chuyển ||| có một cái túi màu xanh lá cây trên tay một người phụ_nữ đội mũ_bảo_hiểm đỏ ||| có những sạp hàng bán quần_áo ở một bên đường,có nhiều người đang di_chuyển ở bên trong khu chợ,N,N,N,recover=chợ; generic_cues=1; AI draft; cần duyệt bằng ảnh,chợ,,
83,1674,00000001674.jpg,/home/henry/Documents/KLTN/data/public-test-images/00000001674.jpg,nón_lá,trang_phục,có những bó hoa được bày ra ở bên đường ||| có một người phụ_nữ đội nón lá đang đạp xe trên đường ||| có một_vài phương_tiện giao_thông đang di_chuyển trên đường ||| ở trên đường có một_vài phương_tiện giao_thông đang di_chuyển ||| có một toà nhà_lớn có tường màu trắng ở bên kia đường,có nhiều xe_cộ đang di_chuyển ở trên đường,Y,N,N,miss=nón_lá; AI draft; cần duyệt bằng ảnh,,nón_lá,
84,3732,00000003732.jpg,/home/henry/Documents/KLTN/data/public-test-images/00000003732.jpg,đèn_lồng,trang_trí,có những chiếc đèn_lồng màu xanh lá cây ở không gian phía trên con phố ||| ở phía trên của con phố là những chiếc đèn_lồng xanh lá ||| có những chiếc đèn_lồng xanh lá được trang_trí ở phía trên của con phố ||| có những chùm hoa ở phía trước của căn nhà bên kia đường ||| phía trước căn nhà bên kia đường có hai dây đèn_lồng,ở trên vỉa_hè có sự xuất_hiện của những chiếc đèn_lồng,N,N,REVIEW,recover=đèn_lồng; generic_cues=2; possible_hallucination=vỉa_hè; AI draft; cần duyệt bằng ảnh,đèn_lồng,,vỉa_hè
85,3738,00000003738.jpg,/home/henry/Documents/KLTN/data/public-test-images/00000003738.jpg,xuồng,phương_tiện,có những chiếc xuồng chở người đang di_chuyển ở trên mặt_nước ||| có những chiếc xuồng đang di_chuyển ở trên sông ||| ở trên sông có những con thuyền đang di_chuyển ||| có nhiều người đang di_chuyển bằng thuyền ở trên mặt_nước ||| có nhiều người đang di_chuyển trên sông bằng xuồng,có một_vài người đang di_chuyển ở trên mặt_nước,Y,N,N,miss=xuồng; AI draft; cần duyệt bằng ảnh,,xuồng,
86,5509,00000005509.jpg,/home/henry/Documents/KLTN/data/public-test-images/00000005509.jpg,xuồng; áo_dài,phương_tiện; trang_phục,một cặp đôi đang ngồi cạnh nhau ở trên chiếc xuồng ||| một cặp đôi đang âu_yếm bên nhau ở trên chiếc xuồng ||| ở trên chiếc xuồng có sự xuất_hiện của một cặp đôi ||| ở trên chiếc xuồng có một cặp đôi đang nhìn vào mắt nhau ||| cô gái mặc áo_dài và chàng trai mặc sơ_mi trắng đang chuẩn_bị hôn nhau,có một cặp đôi đang ngồi ở trên sông,Y,Y,REVIEW,"miss=xuồng,áo_dài; generic_cues=1; possible_hallucination=sông; AI draft; cần duyệt bằng ảnh",,xuồng; áo_dài,sông
87,10836,00000010836.jpg,/home/henry/Documents/KLTN/data/public-test-images/00000010836.jpg,ghe,phương_tiện,có một nhóm các em học_sinh đang đứng nghe thuyết_trình ||| một người đàn_ông mặc áo sơ_mi đang thuyết_trình ||| một người đàn_ông mặc áo trắng đang nói_chuyện với các em học_sinh ||| có các em học_sinh đứng vây quanh người đàn_ông mặc áo sơ_mi trắng ||| có một bức tượng_hình người ở phía trước mặt nhóm học_sinh,có một nhóm người đang đứng trước một bức tượng,Y,Y,N,miss=ghe; generic_cues=1; AI draft; cần duyệt bằng ảnh,,ghe,
88,1396,00000001396.jpg,/home/henry/Documents/KLTN/data/public-test-images/00000001396.jpg,chợ,sinh_hoạt,có nhiều mặt_hàng được bày ra ở trên bàn ||| có nhiều loại hàng_hoá được bày_bán trong sạp hàng ||| ở trong quầy hàng có sự xuất_hiện của nhiều loại hàng_hoá ||| có một nhóm người đang đứng trước một quầy hàng ||| có nhiều người xuất_hiện ở bên trong khu hội_chợ,có nhiều người đang xuất_hiện ở trong một khu hội_chợ,N,N,N,recover=chợ; generic_cues=3; AI draft; cần duyệt bằng ảnh,chợ,,
89,1686,00000001686.jpg,/home/henry/Documents/KLTN/data/public-test-images/00000001686.jpg,nón_lá,trang_phục,một cô gái đang di_chuyển bên trong một con hẻm ||| ở giữa hai bức tường màu vàng có một cô gái đang di_chuyển ||| có một cô gái đội mũ rộng vành đang đi trong con ngõ ||| trong con hẻm có một cô gái đội nón rộng vành ||| có một cô gái mặc váy đang di_chuyển giữa hai bức tường màu vàng,cô gái đang đi bộ ở trong con hẻm,Y,N,N,miss=nón_lá; AI draft; cần duyệt bằng ảnh,,nón_lá,
90,4137,00000004137.jpg,/home/henry/Documents/KLTN/data/public-test-images/00000004137.jpg,xuồng,phương_tiện,có một người đang ngồi ở trên chiếc xuồng trên sông ||| có một cánh đồng ở phía bên kia của bờ sông ||| ở bên kia bờ sông có sự xuất_hiện của một cánh đồng ||| có một cánh đồng hoa phía bên kia của con sông ||| có một người đàn_ông đang ở gần con thuyền,có hai người đang ngồi trên một chiếc xuồng,N,N,N,recover=xuồng; generic_cues=1; AI draft; cần duyệt bằng ảnh,xuồng,,
91,5969,00000005969.jpg,/home/henry/Documents/KLTN/data/public-test-images/00000005969.jpg,áo_dài,trang_phục,có một người đang cúi lạy ở trên một cái chiếu ||| có một nhóm người mặc áo_dài đen đang đứng ở hai bên chiếu ||| những người mặc áo_dài đen đang xếp thành hai hàng ||| ở trên chiếu có sự xuất_hiện của một người đang cúi lạy ||| có một người đàn_ông đang quỳ lạy ở trên chiếc chiếu,có nhiều người đang đứng ở trong một khu di_tích,Y,Y,REVIEW,miss=áo_dài; generic_cues=2; possible_hallucination=khu di_tích; AI draft; cần duyệt bằng ảnh,,áo_dài,khu di_tích
92,1697,00000001697.jpg,/home/henry/Documents/KLTN/data/public-test-images/00000001697.jpg,chợ,sinh_hoạt,đây là khung_cảnh xuất_hiện bên trong một khu chợ ||| ở bên trong khu chợ có nhiều người đi mua_sắm ||| có nhiều quầy hàng xuất_hiện ở hai bên lối đi ||| có nhiều quầy hàng ăn_uống ở bên phải của lối đi ||| ở bên trái lối đi là những quầy hàng hoa_quả,có nhiều người đang xuất_hiện ở bên trong khu chợ,N,N,N,recover=chợ; generic_cues=2; AI draft; cần duyệt bằng ảnh,chợ,,
93,4232,00000004232.jpg,/home/henry/Documents/KLTN/data/public-test-images/00000004232.jpg,đèn_lồng,trang_trí,có những chiếc đèn_lồng được trang_trí ở không gian phía trên ||| có một cửa_hàng bán đồ lưu_niệm bên cạnh cửa_hàng đèn_lồng ||| có nhiều người đang đứng ở một cửa_hàng đèn_lồng ||| ở trong căn nhà bên phải có những chiếc đèn_lồng ||| có nhiều chiếc đèn_lồng được treo ở trong cửa_hàng bên phải,có những chiếc đèn_lồng được treo ở trên những chiếc đèn_lồng,N,N,N,recover=đèn_lồng; AI draft; cần duyệt bằng ảnh,đèn_lồng,,
94,4929,00000004929.png,/home/henry/Documents/KLTN/data/public-test-images/00000004929.png,xuồng,phương_tiện,một cô gái mặc áo đỏ đang ngồi trên chiếc xuồng ||| có những bông hoa_màu vàng xuất_hiện ở trên trên chiếc xuồng ||| ở trên chiếc xuồng có những bông hoa_màu vàng ||| một cô gái mặc áo tím đang đứng bên chiếc xuồng ||| ở bên cạnh chiếc xuồng có một cô gái mặc áo tím,có một cô gái đội nón lá đang đứng ở trên sông,Y,N,REVIEW,"miss=xuồng; generic_cues=2; possible_hallucination=nón lá,sông; AI draft; cần duyệt bằng ảnh",,xuồng,nón lá; sông
95,6058,00000006058.jpg,/home/henry/Documents/KLTN/data/public-test-images/00000006058.jpg,áo_dài,trang_phục,một cặp đôi đang nắm tay nhau ở trên đường ||| chàng trai mặc áo vest đang nắm tay cô gái mặc áo_dài ||| trên tay của cô gái mặc áo_dài là một bó hoa ||| có một bó hoa ở trên tay của cô gái mặc áo_dài ||| có một cặp đôi đang nắm tay nhau ở giữa đường,có một cặp đôi đang di_chuyển ở trên đường,Y,N,N,miss=áo_dài; AI draft; cần duyệt bằng ảnh,,áo_dài,
96,1867,00000001867.jpg,/home/henry/Documents/KLTN/data/public-test-images/00000001867.jpg,chợ,sinh_hoạt,có một người phụ_nữ đang chọn mua ngô ở bên đường ||| có nhiều sạp hàng bán rau củ quả ở bên lề_đường ||| có nhiều người đang di_chuyển ở bên trong khu chợ ||| ở trong khu chợ có nhiều người đang di_chuyển ||| có nhiều người đang xuất_hiện ở bên trong khu chợ,có nhiều người đang mua hàng ở trong khu chợ,N,N,N,recover=chợ; generic_cues=1; AI draft; cần duyệt bằng ảnh,chợ,,
97,1856,00000001856.jpg,/home/henry/Documents/KLTN/data/public-test-images/00000001856.jpg,nón_lá,trang_phục,một cô gái đang đạp xe ở trên cây cầu gỗ ||| có một cô gái đang đạp xe trên cây cầu bắc qua sông ||| có một cánh đồng lúa ở phía sau lưng của cô gái ||| ở phía sau lưng của cô gái có sự xuất_hiện của một cánh đồng lúa ||| có một cái nón lá ở trên giỏ xe_đạp mà cô gái đang lái,có một cô gái đang đạp xe ở trên đường,Y,Y,REVIEW,miss=nón_lá; generic_cues=1; possible_hallucination=đường; AI draft; cần duyệt bằng ảnh,,nón_lá,đường
98,4990,00000004990.jpg,/home/henry/Documents/KLTN/data/public-test-images/00000004990.jpg,xuồng,phương_tiện,có một cô gái đang chạm tay vào dòng nước ||| ngón tay của cô gái đang chuẩn_bị chạm vào dòng nước ||| ngón tay của cô gái trên thuyền đang chạm vào nước ||| có một cô gái đang ngồi ở trên chiếc thuyền ||| ở trên mặt_nước có một cô gái đang ngồi trên xuồng,ở trên mặt_nước có sự xuất_hiện của một cô gái,Y,Y,N,miss=xuồng; generic_cues=2; AI draft; cần duyệt bằng ảnh,,xuồng,
99,6065,00000006065.jpg,/home/henry/Documents/KLTN/data/public-test-images/00000006065.jpg,áo_dài; chợ,trang_phục; sinh_hoạt,có một người phụ_nữ đội khăn xanh lá cây ở trong quầy hàng ||| người phụ_nữ mặc áo xanh dương đang mỉm cười ||| có nhiều người đang xuất_hiện ở một khu hội_chợ ||| có một người mặc áo_dài đen hoạ_tiết hoa đang cười với người phụ_nữ áo xanh ||| người phụ_nữ mặc áo xanh và đội khăn xanh lá đang mỉm cười,có một_vài người đang đứng bên trong quầy hàng,Y,Y,N,"miss=áo_dài,chợ; generic_cues=1; AI draft; cần duyệt bằng ảnh",,áo_dài; chợ,
100,6239,00000006239.jpg,/home/henry/Documents/KLTN/data/public-test-images/00000006239.jpg,áo_dài,trang_phục,một cô gái đang mặc áo_dài màu vàng ở trên bãi cỏ ||| ở trên bãi cỏ có một cô gái mặc áo_dài vàng ||| cô gái mặc áo_dài vàng đang tạo_dáng trước ngôi nhà mái tranh ||| có một ngôi nhà lợp mái tranh ở gần bãi cỏ ||| ở phía trước của ngôi nhà lợp mái tranh có một cô gái mặc áo_dài vàng,có một cô gái mặc áo_dài đang đứng ở trên ban_công,N,N,N,recover=áo_dài; generic_cues=2; AI draft; cần duyệt bằng ảnh,áo_dài,,
