category,image_id,image_filename,caption_quality,specificity,cultural_entity_missed,template_bias,object_hallucination,wrong_object_or_action,language_issue,expected_cultural_terms,predicted_cultural_terms,auto_reference_terms,auto_prediction_terms,vig_prediction,references,annotation_note
cultural_success,331,00000000331.jpg,correct,specific,False,False,False,False,False,xích_lô,xích_lô,xích_lô,xích_lô,có một_vài chiếc xích_lô đang di_chuyển ở trên đường,có những chiếc xích_lô đang di_chuyển trên phố ||| có những chiếc xích_lô đang đi nối_đuôi nhau trên phố ||| có những chiếc mặt_nạ được treo ở trên bức tường ||| ở trên bức tường có những chiếc mặt_nạ đang được treo ||| ở trên phố có những chiếc xích_lô di_chuyển nối_đuôi nhau,"Prediction đã nhắc đúng marker văn hóa `xích_lô`, nhưng còn khái quát và bỏ sót các chi tiết như đoàn xe nối đuôi nhau trên phố và `mặt_nạ` treo trong reference."
cultural_success,1335,00000001335.jpg,correct,specific,False,False,False,False,False,xích_lô,xích_lô,xích_lô,xích_lô,có một_vài chiếc xích_lô đang di_chuyển ở trên đường,có những chiếc mặt_nạ được treo ở trên bức tường ||| có những cái mặt_nạ treo trên một bức tường ||| những chiếc xích_lô đang di_chuyển nối_tiếp nhau trên đường ||| ở trên đường có những chiếc xích_lô đang di_chuyển ||| ở trên đường có sự xuất_hiện của những chiếc xích_lô,"Prediction đã nhắc đúng marker văn hóa `xích_lô`, nhưng còn khái quát và bỏ sót các chi tiết như đoàn xe nối đuôi nhau trên phố và `mặt_nạ` treo trong reference."
cultural_success,381,00000000381.jpg,correct,specific,False,False,False,False,False,chợ,chợ,chợ,chợ,có nhiều người đang ngồi ở trong khu chợ,có nhiều người đang xuất_hiện ở trong khu chợ ||| có nhiều người đang mua_bán hàng_hoá trong chợ ||| có nhiều người đang trao_đổi hàng_hoá bên trong chợ ||| ở bên trong chợ có nhiều người đang trao_đổi hàng_hoá ||| đây là khung_cảnh xuất_hiện ở bên trong một khu chợ,"Prediction đúng bối cảnh khu chợ và nhiều người, nhưng còn chung chung vì bỏ sót hàng hoá và hoạt động trao đổi/mua bán được nhấn mạnh trong reference."
cultural_success,4467,00000004467.jpg,correct,specific,False,False,False,False,False,chợ,chợ,,chợ,có nhiều mặt_hàng quần_áo được bày_bán ở trong khu chợ,ở hai bên lối đi là những cửa_hàng quần_áo ||| ở hai bên lối đi có sự xuất_hiện của những cửa_hàng quần_áo ||| có những cửa_hàng quần_áo ở hai bên lối đi ||| ở hai bên lối đi có nhiều cửa_hàng quần_áo ||| có hai người phụ_nữ đang đứng bên một hàng quần_áo,"ViG mô tả đúng một số chi tiết như quần_áo; bỏ sót/giảm nhẹ các chi tiết hai, lối, cửa_hàng và hàng; sinh thêm cultural term chợ phù hợp với ảnh"
cultural_success,11027,00000011027.jpg,partial,specific,False,False,False,False,False,áo_dài,áo_dài,áo_dài,áo_dài,có một cô gái mặc áo_dài đang tạo_dáng chụp ảnh,có một nhóm những cô gái đang đứng thành hàng ||| có một nhóm những cô gái đang mặc áo_dài trắng ||| nhóm cô gái mặc áo_dài trắng đang đứng trong vườn hoa ||| ở trong vườn hoa có những cô gái mặc áo_dài trắng ||| ở trong vườn hoa có những cô gái đang đứng thành hàng,"ViG mô tả đúng cultural term áo_dài; bỏ sót/giảm nhẹ các chi tiết nhóm, trắng, vườn, hoa và thành; lệch sang các chi tiết tạo_dáng và chụp."
cultural_success,8660,00000008660.jpg,correct,specific,False,False,False,False,False,đèn_lồng,đèn_lồng,đèn_lồng,đèn_lồng,có những chiếc đèn_lồng được treo ở trên trần nhà,có những giàn cây_hoa_màu tím xuất_hiện ở trước những ngôi nhà bên đường ||| có những bộ quần_áo xuất_hiện ở trong ngôi nhà bên trái ||| ngôi nhà ở phía bên trái bán các loại trang_phục ||| có những chiếc đèn_lồng được treo phía trước những ngôi nhà trên phố ||| ở phía trước của những ngôi nhà có treo những chiếc đèn_lồng,"ViG mô tả đúng cultural term đèn_lồng; bỏ sót/giảm nhẹ các chi tiết ngôi, trái, giàn, cây_hoa_màu và tím; lệch sang các chi tiết trần."
cultural_success,403,00000000403.jpg,correct,specific,False,False,False,False,False,nón_lá,nón_lá,nón_lá,nón_lá,có một cô gái đội nón lá đang đứng ở trên sông,có một cô gái đội nón lá đang đứng trên cây cầu ||| có một cô gái mặc váy cam đang đội nón lá trên đầu ||| ở trên đầu của cô gái mặc váy cam là chiếc nón lá ||| có một cây cầu bắc ngang qua sông xuất_hiện ở phía xa_xa khung hình ||| có một cây cầu cũ bắc ngang qua con sông,"Prediction đã nhắc đúng marker văn hóa `nón_lá`, nhưng bỏ sót các chi tiết cây, cầu và váy cam; đồng thời thêm bối cảnh “trên sông”."
cultural_success,1899,00000001899.jpg,correct,specific,False,False,False,False,False,toà_thành_cổ;thành_cổ,toà_thành_cổ;thành_cổ,toà_thành_cổ;thành_cổ,toà_thành_cổ;thành_cổ,có một toà thành cổ xuất_hiện ở trong bức ảnh,có một cái hồ ở gần với toà thành cổ ||| có một cái hồ xuất_hiện gần khu_vực có toà thành cổ ||| ở gần toà thành cổ là một cái hồ nước ||| ở một bên toà thành cổ có một cái hồ nước ||| có một cái hồ nước ở gần toà thành cổ,"ViG mô tả đúng cultural term toà_thành_cổ và thành_cổ; bỏ sót/giảm nhẹ các chi tiết hồ, gần, nước và khu_vực."
cultural_success,4688,00000004688.jpg,correct,specific,False,False,False,False,False,xích_lô,xích_lô,xích_lô,xích_lô,ở trên đường có sự xuất_hiện của những chiếc xích_lô,hai người đàn_ông ngồi trên xích_lô đang trao_đổi với nhau ||| hai người đàn_ông trên xích_lô đang nói_chuyện với nhau ||| có hai chiếc xích_lô đang di_chuyển bên cạnh nhau ||| ở trên đường có sự xuất_hiện của hai chiếc xích_lô ||| ở trên đường có hai chiếc xích_lô đang đi cạnh nhau,"ViG mô tả đúng cultural term xích_lô; bỏ sót/giảm nhẹ các chi tiết hai, nhau, cạnh, trao_đổi và nói_chuyện."
cultural_success,7377,00000007377.jpg,correct,specific,False,False,False,False,False,chợ,chợ,chợ,chợ,ở bên trong khu chợ có sự xuất_hiện của nhiều người,có nhiều người đang xuất_hiện ở trong khu chợ ||| đây là khung_cảnh nhìn từ trên cao của một khu chợ ||| khu chợ đang ở trong trạng_thái đông người qua_lại ||| có nhiều người đang đi_lại ở bên trong khu chợ ||| ở trong khu chợ có sự xuất_hiện của nhiều người,"ViG mô tả đúng cultural term chợ; bỏ sót/giảm nhẹ các chi tiết nhìn, cao, trạng_thái, đông và qua_lại."
cultural_success,4437,00000004437.jpg,correct,specific,False,False,False,False,False,chợ,chợ,chợ,chợ,ở trong khu chợ có sự xuất_hiện của nhiều người,có nhiều người đang tham_gia vào một khu chợ hoa ||| có nhiều người đang mua hoa ở trong khu chợ ||| có nhiều chậu cây_cảnh được bày_bán ở trong khu chợ ||| ở trong khu chợ có sự xuất_hiện của nhiều người mua hoa ||| ở trong khu chợ có nhiều người đang mua hoa,"ViG mô tả đúng cultural term chợ; bỏ sót/giảm nhẹ các chi tiết hoa, mua, tham_gia, chậu và cây_cảnh."
cultural_success,1867,00000001867.jpg,correct,specific,False,False,False,False,False,chợ,chợ,chợ,chợ,có nhiều người đang mua hàng ở trong khu chợ,có một người phụ_nữ đang chọn mua ngô ở bên đường ||| có nhiều sạp hàng bán rau củ quả ở bên lề_đường ||| có nhiều người đang di_chuyển ở bên trong khu chợ ||| ở trong khu chợ có nhiều người đang di_chuyển ||| có nhiều người đang xuất_hiện ở bên trong khu chợ,"ViG mô tả đúng cultural term chợ; bỏ sót/giảm nhẹ các chi tiết di_chuyển, chọn, ngô, đường và sạp."
cultural_missed,93,00000000093.jpg,partial,generic,True,True,False,False,True,xuồng;nón_lá;ghe,xuồng,xuồng;nón_lá;ghe,xuồng,có một chiếc xuồng đang di_chuyển trên mặt_nước,có hai người phụ_nữ đang ngồi trên con ghe ||| có hai người phụ_nữ đang ngồi trên chiếc xuồng ||| ở trên chiếc xuồng có hai người phụ_nữ đội nón lá ||| có hai người phụ_nữ đội nón lá ở trên xuồng ||| ở trên xuồng có sự xuất_hiện của hai người phụ_nữ,"ViG dự đoán “có một chiếc xuồng đang di chuyển trên mặt nước”, qua đó nhận diện được phương tiện đường thủy và bối cảnh sông nước. Tuy nhiên, caption vẫn còn thiếu các chi tiết quan trọng trong reference, đặc biệt là hình ảnh người đội `nón_lá` và sự xuất hiện của `ghe`. Đây là lỗi bỏ sót yếu tố văn hóa, vì prediction chỉ mô tả phương tiện một cách chung chung mà không nhắc đến các marker văn hóa nổi bật trong ảnh."
cultural_missed,111,00000000111.jpg,partial,generic,True,True,False,False,True,nón_lá,,nón_lá,,ở trên mặt_nước có sự xuất_hiện của một chiếc thuyền,có một cậu bé đang vác theo một chiếc xe_đạp ||| có một chiếc xe_đạp đang ở trên con thuyền ||| ở trên con thuyền đang có một chiếc xe_đạp ||| có một người phụ_nữ đội nón lá đang chèo thuyền ||| có một người phụ_nữ đội nón lá đang nắm lấy tay chèo,"ViG dự đoán “ở trên mặt nước có sự xuất hiện của một chiếc thuyền”, qua đó nhận diện được bối cảnh sông nước và đối tượng phương tiện chính. Tuy nhiên, caption vẫn còn khá chung chung so với reference, vì bỏ sót hành động “chèo” và các chi tiết nổi bật như xe đạp, người đội nón lá. Đặc biệt, reference có nhắc đến yếu tố văn hóa `nón_lá`, trong khi prediction không đề cập đến chi tiết này."
cultural_missed,78,00000000078.jpg,partial,generic,True,True,False,False,False,áo_dài;khu_di_tích,khu_di_tích,áo_dài,khu_di_tích,có một nhóm người đang đứng trước một khu di_tích,có một nhóm các em học_sinh đang đứng xung_quanh một tấm bia ||| ở xung_quanh tấm bia có sự xuất_hiện của các em học_sinh ||| ở phía xa_xa của khung hình có sự xuất_hiện của một ngôi nhà có mái tranh ||| có một người mặc áo_dài đen đang thuyết_trình cho nhóm học_sinh ||| có một nhóm học_sinh đang lắng_nghe người phụ_nữ mặc áo_dài thuyết_minh,"ViG dự đoán “có một nhóm người đang đứng trước một khu di tích”, mô tả được chủ thể và bối cảnh chung nhưng còn quá khái quát. Các reference nhấn mạnh nhóm học sinh/em học sinh mặc áo dài và xuất hiện cùng tấm bia tại khu di tích. Khác biệt quan trọng nằm ở yếu tố văn hóa: reference có đề cập đến `áo_dài`, trong khi prediction bỏ sót hoàn toàn chi tiết này."
cultural_missed,228,00000000228.jpg,wrong,generic,True,True,True,True,False,đèn_lồng,,đèn_lồng,,có một cô gái đang ngồi ở trên vỉa_hè,có một cô gái đang ngồi trên một chiếc xe_đạp ||| có một cô gái đang đi xe_đạp ở phía trước một quán nước ||| có những chiếc lồng đèn được treo ở trước mái_hiên của quán nước ||| ở trước quán nước có sự xuất_hiện của những chiếc đèn_lồng ||| ở phía trước quán nước có một cô gái đang ngồi xe_đạp,"ViG dự đoán “có một cô gái đang ngồi ở trên vỉa hè”, mô tả được một chủ thể người trong ảnh nhưng chưa phản ánh đúng trọng tâm. Prediction bỏ sót yếu tố văn hóa `đèn_lồng`, một chi tiết quan trọng trong mô tả gốc. Ngoài ra, caption chuyển trọng tâm sang “vỉa hè”, trong khi reference tập trung vào không gian quán nước và vật trang trí."
cultural_missed,4576,00000004576.jpg,partial,specific,True,False,False,False,False,khu_di_tích;di_tích_lịch_sử;nhà_cổ,áo_dài;ngôi_đền,khu_di_tích;di_tích_lịch_sử;nhà_cổ,áo_dài;ngôi_đền,có một cô gái mặc áo_dài đang đứng ở trước ngôi đền,một cô gái mặc váy xanh đang đi trước cổng khu di_tích ||| có một toà nhà cổ ở phía sau lưng của cô gái ||| ở phía sau lưng của cô gái là một cánh cổng lớn ||| ở phía sau lưng của cô gái là một khu di_tích lịch_sử ||| cô gái đang đi bộ ở trước một khu di_tích lịch_sử,"ViG mô tả đúng một số chi tiết như mặc; bỏ sót cultural term di_tích_lịch_sử, khu_di_tích và nhà_cổ; bỏ sót/giảm nhẹ các chi tiết khu, di_tích, lưng, cổng và lịch_sử; sinh thêm cultural term ngôi_đền và áo_dài không phù hợp với ảnh; lệch sang các chi tiết áo_dài, ngôi và đền."
cultural_missed,10498,00000010498.jpg,wrong,generic,True,True,True,True,False,khu_di_tích;kiến_trúc_cổ,nhà_cổ,khu_di_tích;kiến_trúc_cổ,nhà_cổ,có một cặp đôi đang đứng trước một ngôi nhà cổ,có một cô gái đang tạo_dáng chụp ảnh trước một bức tường có kiến_trúc cổ ||| ở phía trước bức tường cổ có một cô gái mặc áo đen ||| có một cô gái đang tạo_dáng chụp ảnh ở trước một khu di_tích ||| có một cô gái xuất_hiện phía trước bức tường cổ ||| có một cô gái đang tạo_dáng chụp ảnh trước một bức tường cổ,"ViG mô tả đúng một số chi tiết như cổ; bỏ sót cultural term khu_di_tích và kiến_trúc_cổ; bỏ sót/giảm nhẹ các chi tiết tường, tạo_dáng, chụp, kiến_trúc và mặc; sinh thêm cultural term nhà_cổ không phù hợp với ảnh; lệch sang các chi tiết cặp, đôi, ngôi và nhà."
cultural_missed,10394,00000010394.jpg,wrong,unsure,True,False,False,False,False,nón_lá,chợ,nón_lá,chợ,có nhiều món đồ trang_trí giáng_sinh được bày_bán ở trong chợ,có nhiều bó hoa xuất_hiện ở trong bức ảnh ||| có nhiều bó hoa được bày_bán ở trong cửa_hàng ||| đây là khung_cảnh xuất_hiện ở một cửa_hàng bán_hoa ||| có một người phụ_nữ đội nón lá đang ở cửa_hàng hoa ||| ở quầy hàng bán_hoa có một người phụ_nữ đội nón lá,"ViG mô tả đúng một số chi tiết như bày_bán; bỏ sót cultural term nón_lá; bỏ sót/giảm nhẹ các chi tiết hoa, cửa_hàng, bó, bán_hoa và đội; sinh thêm cultural term chợ không phù hợp với ảnh; lệch sang các chi tiết món, đồ, trang_trí, giáng_sinh và chợ."
cultural_missed,5969,00000005969.jpg,wrong,generic,True,False,True,True,False,áo_dài,khu_di_tích,áo_dài,khu_di_tích,có nhiều người đang đứng ở trong một khu di_tích,có một người đang cúi lạy ở trên một cái chiếu ||| có một nhóm người mặc áo_dài đen đang đứng ở hai bên chiếu ||| những người mặc áo_dài đen đang xếp thành hai hàng ||| ở trên chiếu có sự xuất_hiện của một người đang cúi lạy ||| có một người đàn_ông đang quỳ lạy ở trên chiếc chiếu,"ViG chưa khớp rõ với các chi tiết chính trong ảnh; bỏ sót cultural term áo_dài; bỏ sót/giảm nhẹ các chi tiết chiếu, lạy, cúi, mặc và áo_dài; sinh thêm cultural term khu_di_tích không phù hợp với ảnh; lệch sang các chi tiết khu và di_tích."
cultural_missed,6217,00000006217.jpg,partial,generic,True,True,False,True,False,đèn_lồng,áo_dài,đèn_lồng,áo_dài,có một cô gái mặc áo_dài đang tạo_dáng chụp ảnh,có một cô gái đang đứng tạo_dáng dưới ánh nắng mặt_trời ||| một cô gái đang cầm điện_thoại để chụp ảnh ||| có một cô gái đang chụp ảnh cô gái ở bên kia đường ||| có những chiếc đèn_lồng ở trên đầu cô gái mặc váy trắng ||| cô gái mặc váy trắng đang đứng dưới những chiếc đèn_lồng,"ViG mô tả đúng một số chi tiết như chụp, mặc và tạo_dáng; bỏ sót cultural term đèn_lồng; bỏ sót/giảm nhẹ các chi tiết đèn_lồng, váy, trắng, ánh và nắng; sinh thêm cultural term áo_dài không phù hợp với ảnh; lệch sang các chi tiết áo_dài."
cultural_missed,4873,00000004873.jpg,wrong,generic,True,True,True,True,False,nón_lá,chợ,nón_lá,chợ,có một nhóm người đang đứng ở trong một khu chợ,một cặp đôi đang chụp ảnh tự sướng ở bên vườn cây ||| có những chiếc nón lá được đặt ở trên vườn cây ||| ở trên vườn cây có sự xuất_hiện của những chiếc nón lá ||| có một người đàn_ông và một người phụ_nữ đang chụp ảnh tự sướng ||| có hai người đang chụp ảnh tự sướng ở bên vườn cây,"ViG chưa khớp rõ với các chi tiết chính trong ảnh; bỏ sót cultural term nón_lá; bỏ sót/giảm nhẹ các chi tiết vườn, cây, chụp, tự và sướng; sinh thêm cultural term chợ không phù hợp với ảnh; lệch sang các chi tiết nhóm, khu và chợ."
cultural_missed,6370,00000006370.jpg,wrong,unsure,True,True,True,True,False,kiến_trúc_cổ,áo_dài,kiến_trúc_cổ,áo_dài,ở trên đường có sự xuất_hiện của một cô gái mặc áo_dài,có một cô gái đang mặc bộ váy màu hồng ||| có một cô gái mặc váy đang đứng ở giữa đường ||| ở trên đường có một cô gái mặc váy màu hồng ||| ở trên đường có sự xuất_hiện của một cô gái mặc váy ||| có một ngôi nhà có kiến_trúc cổ ở phía xa_xa của bức ảnh,"ViG mô tả đúng một số chi tiết như mặc và đường; bỏ sót cultural term kiến_trúc_cổ; bỏ sót/giảm nhẹ các chi tiết váy, hồng, bộ, ngôi và nhà; sinh thêm cultural term áo_dài không phù hợp với ảnh; lệch sang các chi tiết áo_dài."
cultural_missed,10524,00000010524.jpg,wrong,generic,True,True,False,True,False,áo_dài,khu_di_tích,áo_dài,khu_di_tích,có một nhóm người đang đứng ở trong một khu di_tích,có một nhóm những người mặc áo trắng đang đứng trước tủ kính ||| có một cái tủ kính ở trước mặt của đám đông ||| có một người đàn_ông tóc bạc đang mỉm cười ||| có một người phụ_nữ mặc áo_dài hồng đang đứng gần chiếc tủ kính ||| có nhiều hiện_vật được trưng_bày ở trong tủ kính,"ViG mô tả đúng một số chi tiết như nhóm; bỏ sót cultural term áo_dài; bỏ sót/giảm nhẹ các chi tiết tủ, kính, mặc, áo và trắng; sinh thêm cultural term khu_di_tích không phù hợp với ảnh; lệch sang các chi tiết khu và di_tích."
hallucination_or_wrong_object,623,00000000623.jpg,wrong,unsure,False,False,True,True,False,,khu_di_tích;di_tích_lịch_sử,,khu_di_tích;di_tích_lịch_sử,đây là khung_cảnh xuất_hiện ở một khu di_tích lịch_sử,đây là khung_cảnh được chụp ở một thác nước ||| có nhiều người đang vui_chơi ở dưới thác nước ||| có nhiều người xuất_hiện ở dưới khu_vực thác nước ||| ở dưới chân thác nước có nhiều người đang vui_chơi ||| ở dưới chân thác nước có sự xuất_hiện của nhiều người,"ViG chưa khớp rõ với các chi tiết chính trong ảnh; bỏ sót/giảm nhẹ các chi tiết thác, nước, vui_chơi, chân và chụp; sinh thêm cultural term di_tích_lịch_sử và khu_di_tích không phù hợp với ảnh; lệch sang các chi tiết khu, di_tích và lịch_sử."
hallucination_or_wrong_object,6266,00000006266.jpg,partial,generic,False,False,True,False,False,,khu_di_tích,,khu_di_tích,có một nhóm người đang chụp ảnh tập_thể trước một khu di_tích,có một nhóm người đang chụp ảnh tập_thể trên đường ||| ở trên đường có một nhóm người đang chụp ảnh tập_thể ||| ở trên đường có một đám đông đang chụp ảnh tập_thể ||| có nhiều cây_xanh xuất_hiện ở phía sau của đám đông ||| ở phía sau của đám đông có sự xuất_hiện của những hàng cây_xanh,"ViG mô tả đúng một số chi tiết như chụp, tập_thể và nhóm; bỏ sót/giảm nhẹ các chi tiết đường, đám, đông, cây_xanh và hàng; sinh thêm cultural term khu_di_tích không phù hợp với ảnh; lệch sang các chi tiết khu và di_tích."
hallucination_or_wrong_object,11033,00000011033.jpg,wrong,unsure,False,False,True,True,False,,khu_di_tích;di_tích_lịch_sử,,khu_di_tích;di_tích_lịch_sử,đây là khung_cảnh xuất_hiện ở bên trong một khu di_tích lịch_sử,đây là khung_cảnh xuất_hiện ở trước một khu nhà ||| có một vũng nước ở một bên của lối đi ||| có một vũng nước xuất_hiện ở một bên đường ||| cổng vào của khu nhà có màu xanh lá cây ||| có một toà nhà ở phía xa_xa của bức ảnh,"ViG mô tả đúng một số chi tiết như khu; bỏ sót/giảm nhẹ các chi tiết nhà, vũng, nước, lối và đường; sinh thêm cultural term di_tích_lịch_sử và khu_di_tích không phù hợp với ảnh; lệch sang các chi tiết di_tích và lịch_sử."
hallucination_or_wrong_object,371,00000000371.jpg,wrong,generic,False,True,True,True,True,,áo_dài,nón_lá,áo_dài,có một cô gái mặc áo_dài đang đứng ở trên vỉa_hè,có một cô gái đội nón rộng vành đang đứng trên đường ||| ở trên đường có sự xuất_hiện của một cô gái ||| có một cô gái đang đứng trước một cửa_hàng quần_áo ||| có một cửa_hàng quần_áo ở phía sau lưng cô gái váy hồng ||| có một cô gái mặc váy hồng đang đứng trên con phố,"Prediction đúng chủ thể “cô gái” và tư thế đứng, nhưng sai trang phục khi sinh thêm cultural term `áo_dài`; ảnh/reference không thể hiện áo dài mà nhấn mạnh váy hồng, nón rộng vành và bối cảnh đường/cửa hàng quần áo."
hallucination_or_wrong_object,189,00000000189.jpg,unsure,specific,False,False,False,True,True,,,,,có nhiều loại rau củ quả xuất_hiện ở trên kệ hàng,có hai người mặc áo xanh đang cầm trái_cây ||| có hai người mặc áo xanh đang cầm trái_cây ở trên tay ||| ở trên tay của người phụ_nữ áo xanh là những túi lưới đựng hoa_quả ||| có nhiều mặt_hàng hoa_quả được bày_bán trước mặt hai nhân_viên áo xanh ||| ở trước mặt hai nhân_viên áo xanh là các loại trái_cây,"Prediction mô tả đúng các chi tiết có trong ảnh như rau củ quả và kệ hàng, nên không phải hallucination. Tuy nhiên, caption lệch trọng tâm so với reference vì bỏ sót hai người mặc áo xanh và hành động cầm trái cây."
hallucination_or_wrong_object,3465,00000003465.jpg,wrong,generic,False,False,False,True,False,,khu_di_tích,,khu_di_tích,có nhiều người đang đứng ở trên một khu di_tích,có một nhóm người đang di_chuyển theo một hàng ||| có một nhóm người đang di_chuyển thành hàng trên lối đi ||| ở trên lối đi có nhiều người đang di_chuyển thành hàng ||| ở trên lối đi có nhiều người mặc trang_phục của lính ||| có một người đàn_ông mặc áo_quan màu đỏ đang đi đầu,"ViG chưa khớp rõ với các chi tiết chính trong ảnh; bỏ sót/giảm nhẹ các chi tiết di_chuyển, hàng, lối, nhóm và thành; sinh thêm cultural term khu_di_tích không phù hợp với ảnh; lệch sang các chi tiết khu và di_tích."
hallucination_or_wrong_object,7306,00000007306.jpg,wrong,unsure,False,False,True,True,False,,chợ,,chợ,có hai người đang đứng ở trong một khu chợ,có một_vài người đang đứng ở trên vỉa_hè ||| có một_vài người đang đứng ở dưới những bóng cây ||| có nhiều cây có hoa nhiều màu_sắc ở bên đường ||| có một chiếc xe_máy đang được dựng ở bên đường ||| ở bên đường có sự xuất_hiện của một_vài người,"ViG chưa khớp rõ với các chi tiết chính trong ảnh; bỏ sót/giảm nhẹ các chi tiết một_vài, đường, cây, vỉa_hè và bóng; sinh thêm cultural term chợ không phù hợp với ảnh; lệch sang các chi tiết hai, khu và chợ."
hallucination_or_wrong_object,3019,00000003019.jpg,wrong,specific,True,False,True,True,False,chợ,,chợ,,có nhiều mặt_hàng đồ trang_trí giáng_sinh được bày_bán trong cửa_hàng,có một nhóm người đang tụ_tập quanh một sạp hàng bán giày ||| có một sạp hàng bán ba_lô ở gần sạp hàng giày ||| có một sạp hàng giày đang được bày ra ở trên sàn nhà ||| đây là khung_cảnh xuất_hiện trong một khu chợ ||| có nhiều người đang đứng xung_quanh sạp hàng giày_dép,"ViG chưa khớp rõ với các chi tiết chính trong ảnh; bỏ sót cultural term chợ; bỏ sót/giảm nhẹ các chi tiết sạp, hàng, giày, bán và nhóm; lệch sang các chi tiết mặt_hàng, đồ, trang_trí, giáng_sinh và bày_bán."
hallucination_or_wrong_object,3378,00000003378.jpg,wrong,unsure,False,True,True,True,False,,nón_lá,,nón_lá,có một người phụ_nữ đội nón lá đang mua hàng,một người phụ_nữ đội mũ_bảo_hiểm hồng đang lựa hàng_hoá ||| một người phụ_nữ đội mũ hồng đang ở quầy hàng bán hải_sản ||| một người phụ_nữ mặc áo hồng đang lựa hải_sản ||| có một người phụ_nữ mặc áo trắng đang lựa hàng_hoá ||| có nhiều chậu hải_sản được bày ra ở trong sạp hàng,"ViG mô tả đúng một số chi tiết như đội và hàng; bỏ sót/giảm nhẹ các chi tiết hồng, lựa, hải_sản, hàng_hoá và mặc; sinh thêm cultural term nón_lá không phù hợp với ảnh; lệch sang các chi tiết nón, lá và mua."
hallucination_or_wrong_object,2743,00000002743.jpg,wrong,generic,False,True,False,True,False,,áo_dài,,áo_dài,có một cô gái mặc áo_dài đang đứng ở trên đường,có một cô gái đang cầm một bó hoa_hồng ||| có một cô gái đang tạo_dáng chụp ảnh ở trên phố đi bộ ||| ở trên phố đi bộ có một cô gái cầm theo bó hoa ||| ở phía xa_xa khung hình là một toà nhà_lớn ||| có một cô gái mặc áo vàng đang cầm trên tay một bó hoa,"ViG chưa khớp rõ với các chi tiết chính trong ảnh; bỏ sót/giảm nhẹ các chi tiết cầm, bó, phố, bộ và hoa; sinh thêm cultural term áo_dài không phù hợp với ảnh; lệch sang các chi tiết mặc, áo_dài và đường."
hallucination_or_wrong_object,1132,00000001132.jpg,wrong,unsure,False,True,True,True,False,,đèn_lồng,,đèn_lồng,có một người phụ_nữ đang cầm trên tay những chiếc đèn_lồng,có một bàn_tay đang cầm lấy một chiếc bánh_mì ||| có một chiếc bánh_mì đang được một bàn_tay cầm lấy ||| một cô gái đeo băng màu vàng trên tay đang dùng điện_thoại ||| có một tấm ruy_băng màu vàng trên cánh_tay đang cầm bánh_mì ||| có một cánh_tay đeo ruy_băng vàng đang cầm bánh_mì,"ViG mô tả đúng một số chi tiết như cầm và tay; bỏ sót/giảm nhẹ các chi tiết bánh_mì, vàng, bàn_tay, lấy và đeo; sinh thêm cultural term đèn_lồng không phù hợp với ảnh; lệch sang các chi tiết đèn_lồng."
hallucination_or_wrong_object,342,00000000342.jpg,wrong,generic,False,True,True,True,False,,áo_dài,,áo_dài,có một cô gái mặc áo_dài đang đứng ở trên đường,một cô gái mặc áo trắng đang đứng giữa cánh đồng ||| một cô gái mặc áo trắng đang tạo_dáng trên cánh đồng ||| trên cánh đồng có sự xuất_hiện của một cô gái mặc áo trắng ||| trên cánh đồng có một cô gái mặc áo trắng ||| có một cô gái mặc đồ trắng xuất_hiện ở trên cánh đồng,"ViG mô tả đúng một số chi tiết như mặc; bỏ sót/giảm nhẹ các chi tiết trắng, cánh, đồng, áo và tạo_dáng; sinh thêm cultural term áo_dài không phù hợp với ảnh; lệch sang các chi tiết áo_dài và đường."
template_bias,4429,00000004429.jpg,wrong,unsure,False,True,False,False,False,,đèn_lồng,,đèn_lồng,có những chiếc đèn_lồng được treo ở trên trần nhà,có những bộ bàn_ghế màu trắng ở trong quán ||| có một nhóm người đang ngồi ở bên trong quán ||| những bộ bàn_ghế được bày ra ở trong cửa tiệm ||| có một quầy hàng trống ở bên trong cửa_hàng ||| ở trong cửa_hàng có một nhóm khách đang ngồi gần nhau,"ViG chưa khớp rõ với các chi tiết chính trong ảnh; bỏ sót/giảm nhẹ các chi tiết bộ, bàn_ghế, quán, nhóm và cửa_hàng; sinh thêm cultural term đèn_lồng không phù hợp với ảnh; lệch sang các chi tiết đèn_lồng, treo, trần và nhà."
template_bias,1812,00000001812.jpg,partial,generic,False,True,False,False,False,khu_di_tích,khu_di_tích,,khu_di_tích,có một người đàn_ông đang ngồi ở trong khu di_tích,có một nhóm người đang ngồi trên những cái ghế đá trước tấm bia ||| ở trước tấm bia có một nhóm người đang ngồi ghế đá ||| có một nhóm người xuất_hiện ở trước một tấm bia đá ||| ở trước tấm bia đá có sự xuất_hiện của một nhóm người ||| có một người đàn_ông_đội mũ_bảo_hiểm đang ngồi trên ghế đá,"ViG chưa khớp rõ với các chi tiết chính trong ảnh; bỏ sót/giảm nhẹ các chi tiết đá, nhóm, tấm, bia và ghế; sinh thêm cultural term khu_di_tích không phù hợp với ảnh; lệch sang các chi tiết khu và di_tích."
template_bias,4143,00000004143.png,wrong,unsure,False,True,False,False,False,,phở,,phở,có một bát phở xuất_hiện ở trên bàn,có một khay đồ_ăn đang được cầm trên tay một người ||| có nhiều sợi thức_ăn đang ở trong hộp đồ_ăn ||| có nhiều thức_ăn dạng sợi ở bên trong khay đồ_ăn ||| có nhiều thức_ăn dạng sợi xuất_hiện trong hộp đồ_ăn ||| ở trong hộp đồ_ăn có sự xuất_hiện của những sợi đồ_ăn,"ViG chưa khớp rõ với các chi tiết chính trong ảnh; bỏ sót/giảm nhẹ các chi tiết đồ_ăn, sợi, thức_ăn, hộp và khay; sinh thêm cultural term phở không phù hợp với ảnh; lệch sang các chi tiết bát, phở và bàn."
template_bias,1184,00000001184.jpg,wrong,unsure,False,True,True,True,False,,áo_dài,,áo_dài,có một cô gái mặc áo_dài đang đứng ở trên đường,một cô gái đang chụp ảnh ở ban_công một toà nhà ||| một cô gái đang dựa vào lan_can của một toà nhà ||| ở bên cạnh lan_can có một cô gái mặc váy trắng ||| một cô gái mặc váy trắng đang tạo_dáng chụp ảnh trên ban_công ||| ở trên ban_công có một cô gái mặc váy màu trắng,"ViG mô tả đúng một số chi tiết như mặc; bỏ sót/giảm nhẹ các chi tiết ban_công, váy, trắng, chụp và toà; sinh thêm cultural term áo_dài không phù hợp với ảnh; lệch sang các chi tiết áo_dài và đường."
template_bias,493,00000000493.jpg,wrong,generic,False,True,False,True,False,,áo_dài,,áo_dài,có một cô gái mặc áo_dài đang đứng ở trên cầu,một cô gái đang tạo_dáng chụp ảnh lúc hoàng_hôn ||| một cô gái mặc áo đen đang tạo_dáng chụp ảnh ||| có một cô gái mặc áo đen đang đứng bên đồng_cỏ ||| có một con đường xuất_hiện ở phía xa_xa của bức ảnh ||| có một bãi biển xuất_hiện ở phía xa_xa của khung hình,"ViG mô tả đúng một số chi tiết như mặc; bỏ sót/giảm nhẹ các chi tiết tạo_dáng, chụp, áo, đen và xa_xa; sinh thêm cultural term áo_dài không phù hợp với ảnh; lệch sang các chi tiết áo_dài và cầu."
template_bias,5193,00000005193.jpg,wrong,generic,True,True,True,True,False,chợ,,chợ,,có một_vài người đang đứng ở khu_vực thanh_toán,có nhiều người xuất_hiện ở bên trong một khu chợ ||| có một cái thang_cuốn ở bên trong khu chợ ||| ở trong khu chợ có sự xuất_hiện của một cái thang_cuốn ||| có một cái thang xuất_hiện ở bên trong khu chợ ||| ở trong khu chợ có sự xuất_hiện của nhiều người,"ViG chưa khớp rõ với các chi tiết chính trong ảnh; bỏ sót cultural term chợ; bỏ sót/giảm nhẹ các chi tiết khu, chợ, thang_cuốn và thang; lệch sang các chi tiết một_vài, khu_vực và thanh_toán."
template_bias,1888,00000001888.jpg,wrong,generic,True,True,False,False,False,xuồng;nón_lá,,xuồng;nón_lá,,có một_vài người đang di_chuyển ở trên mặt_nước,một nhóm người đang di_chuyển ở trên dòng nước bằng xuồng ||| có những chiếc xuồng có viền màu xanh xuất_hiện trên mặt_nước ||| có những cô gái đội nón lá đang ngồi cùng nhau trên một cái xuồng ||| có hai cô gái đeo kính_râm đang tạo_dáng chụp ảnh ||| có những chiếc thuyền có viền màu xanh đang đậu ở trên sông,"ViG mô tả đúng một số chi tiết như di_chuyển và mặt_nước; bỏ sót cultural term nón_lá và xuồng; bỏ sót/giảm nhẹ các chi tiết xuồng, viền, xanh, nhóm và dòng; lệch sang các chi tiết một_vài."
template_bias,9652,00000009652.jpg,wrong,generic,True,True,True,True,False,xích_lô,,xích_lô,,có một người phụ_nữ đang dắt xe_đạp ở trên đường,một người đàn_ông mặc áo hồng đang ngồi trên chiếc xích_lô ||| một người đàn_ông mặc áo hồng đang ngồi vắt chéo chân ||| có một chiếc xích_lô chở theo một người đàn_ông mặc áo hồng ||| có một người phụ_nữ xách theo những túi_bóng đang đi bên chiếc xích_lô ||| ở một bên chiếc xích_lô có một người phụ_nữ cầm theo những cái túi,"ViG chưa khớp rõ với các chi tiết chính trong ảnh; bỏ sót cultural term xích_lô; bỏ sót/giảm nhẹ các chi tiết xích_lô, mặc, áo, hồng và theo; lệch sang các chi tiết dắt, xe_đạp và đường."
template_bias,428,00000000428.jpg,wrong,generic,True,True,True,True,False,hàng_rong,,hàng_rong,,có một người đàn_ông đang cầm trên tay một bó hoa,có nhiều người đang di_chuyển ở trên con phố ||| có nhiều người đang đi bộ ở trên con phố ||| có một_vài người bán hàng rong đang di_chuyển ở trên phố ||| có một người phụ_nữ đang vác đòn_gánh ở bên đường ||| có một nhóm người đang xuất_hiện ở trên đường,"Prediction lệch trọng tâm khi chỉ mô tả một người đàn ông cầm bó hoa, trong khi reference nhấn mạnh cảnh người bán hàng rong di chuyển trên đường phố; bỏ sót yếu tố văn hóa `hàng_rong`."
template_bias,10518,00000010518.jpg,partial,generic,True,True,False,False,False,cờ,,cờ,,có một_vài người đang đứng ở quầy tính tiền,có nhiều người đang đứng ở quầy thanh_toán của siêu_thị ||| có những lá cờ màu đỏ được treo ở không gian phía trên siêu_thị ||| có một giỏ hàng màu đỏ ở trước mặt cô gái mặc áo trắng ||| có một nhóm người đang đứng quanh quầy thu_ngân của siêu_thị ||| có một nam thanh_niên đang khoanh_tay ở một bên quầy thu_ngân,"ViG mô tả đúng một số chi tiết như quầy; bỏ sót cultural term cờ; bỏ sót/giảm nhẹ các chi tiết siêu_thị, đỏ, thu_ngân, thanh_toán và lá; lệch sang các chi tiết một_vài, tính và tiền."
generic_caption,676,00000000676.jpg,partial,generic,False,False,False,False,False,,khu_di_tích;di_tích_lịch_sử,,khu_di_tích;di_tích_lịch_sử,có nhiều người đang xuất_hiện ở trên một khu di_tích lịch_sử,có nhiều người đang đứng ở trên một mỏm đá ||| có nhiều người đang xuất_hiện trên một mỏm đá ||| ở trên mỏm đá có sự xuất_hiện của nhiều người ||| ở trên mỏm đá có nhiều người đang đứng tách rời nhau ||| đây là bức ảnh được chụp ở một mỏm đá,"ViG chưa khớp rõ với các chi tiết chính trong ảnh; bỏ sót/giảm nhẹ các chi tiết mỏm, đá, tách, rời và nhau; sinh thêm cultural term di_tích_lịch_sử và khu_di_tích không phù hợp với ảnh; lệch sang các chi tiết khu, di_tích và lịch_sử."
generic_caption,352,00000000352.jpg,wrong,generic,False,False,False,False,False,,khu_di_tích,,khu_di_tích,có một nhóm người đang đứng ở trên một khu di_tích,có một nhóm người đang đứng ở trước một cái cổng_chào ||| có một nhóm người xuất_hiện ở khu_vực cổng_chào ||| ở khu_vực cổng_chào có sự xuất_hiện của một nhóm người ||| ở khu_vực cổng_chào có một nhóm người đang đứng cùng nhau ||| có một nhóm người đang tụ_tập trước cổng_chào,"ViG mô tả đúng một số chi tiết như nhóm; bỏ sót/giảm nhẹ các chi tiết cổng_chào, khu_vực, cùng, nhau và tụ_tập; sinh thêm cultural term khu_di_tích không phù hợp với ảnh; lệch sang các chi tiết khu và di_tích."
generic_caption,5033,00000005033.jpg,wrong,generic,True,True,False,True,False,xích_lô,,xích_lô,,có một chiếc xe_máy đang di_chuyển ở trên đường,một người đàn_ông đang đạp một chiếc xích_lô ||| một người đàn_ông đang điều_khiển xích_lô trên đường ||| ở trên đường có một người đội mũ cối đang đạp xích_lô ||| người đàn_ông_đội mũ cối đang đạp xích_lô ||| có những cửa_hàng xuất_hiện ở phía bên kia đường,"ViG mô tả đúng một số chi tiết như đường; bỏ sót cultural term xích_lô; bỏ sót/giảm nhẹ các chi tiết xích_lô, đạp, mũ, cối và điều_khiển; lệch sang các chi tiết xe_máy và di_chuyển."
generic_caption,2909,00000002909.jpg,correct,generic,False,True,False,False,False,,ngôi_chùa,,ngôi_chùa,có một cô gái đang đứng ở trước một ngôi chùa,người phụ_nữ đang đứng trên bậc thang trước toà nhà gỗ ||| có một toà nhà gỗ ở phía sau lưng của cô gái ||| ở phía sau của cô gái là một căn nhà gỗ ||| ở bậc thềm trước ngôi nhà có một cô gái mặc đồ đen ||| ở phía trước ngôi nhà gỗ có một cô gái mặc đồ đen,"ViG mô tả đúng một số chi tiết như ngôi; bỏ sót/giảm nhẹ các chi tiết nhà, gỗ, bậc, toà và mặc; sinh thêm cultural term ngôi_chùa không phù hợp với ảnh; lệch sang các chi tiết chùa."
generic_caption,10566,00000010566.jpg,partial,generic,True,False,False,False,False,nón_lá,,nón_lá,,có nhiều loại rau củ quả xuất_hiện ở trên kệ hàng,một người phụ_nữ đội nón lá đang với tay lấy bó rau ||| có một người phụ_nữ đang đứng trước kệ hàng ||| có một người đội nón lá đang đứng trước kệ hàng ||| ở phía trên kệ hàng có một tấm băng_rôn ||| có một tấm băng_rôn được treo ở phía trên kệ hàng,"ViG mô tả đúng một số chi tiết như kệ và hàng; bỏ sót cultural term nón_lá; bỏ sót/giảm nhẹ các chi tiết đội, nón, lá, tấm và băng_rôn; lệch sang các chi tiết loại, rau, củ và quả."
generic_caption,4560,00000004560.jpg,correct,generic,True,True,False,False,False,nón_lá,,nón_lá,,có một_vài người đang ngồi ở trên vỉa_hè,có những chiếc ô xuất_hiện ở phía trước toà nhà ||| một người đội nón lá đang dắt theo chiếc xe_đạp ||| một người đội nón lá đang dắt xe_đạp trên đường ||| ở trên đường có một người đội nón lá đang dắt xe_đạp ||| ở trên đường có một người dắt theo chiếc xe_đạp chở hàng,"ViG chưa khớp rõ với các chi tiết chính trong ảnh; bỏ sót cultural term nón_lá; bỏ sót/giảm nhẹ các chi tiết dắt, xe_đạp, đội, nón và lá; lệch sang các chi tiết một_vài và vỉa_hè."
generic_caption,7232,00000007232.jpg,wrong,generic,True,True,False,False,False,đèn_lồng;nón_lá,,đèn_lồng;nón_lá,,có một cô gái đang đứng ở bên một con sông,cô gái đội nón lá đang đứng ở bên một chiếc xe_đạp ||| một cô gái đội nón lá đang đứng ở bên thành cầu ||| có một cô gái đội nón lá đang đứng bên lan_can cầu ||| có những chiếc đèn_lồng được treo ở trên cây cột ||| có một chiếc xe_đạp đang được dựng ở bên lan_can cầu,"ViG chưa khớp rõ với các chi tiết chính trong ảnh; bỏ sót cultural term nón_lá và đèn_lồng; bỏ sót/giảm nhẹ các chi tiết đội, nón, lá, cầu và xe_đạp; lệch sang các chi tiết sông."
generic_caption,2761,00000002761.jpg,partial,generic,True,True,False,False,False,chợ,,chợ,,có một chiếc xe_máy đang di_chuyển ở trên đường,có một người phụ_nữ đang lái_xe máy đi qua khu chợ ||| khu chợ ở bên đường đang trong trạng_thái cách_ly ||| khu chợ ở bên kia đường đang trong trạng_thái đóng_cửa ||| có những sợi dây ngăn_cách được giăng ở phía trước toà nhà bên kia đường ||| ở trước khu chợ có một người đang chạy xe_máy,"ViG mô tả đúng một số chi tiết như đường; bỏ sót cultural term chợ; bỏ sót/giảm nhẹ các chi tiết khu, chợ, trạng_thái, lái_xe và máy; lệch sang các chi tiết xe_máy và di_chuyển."
generic_caption,7223,00000007223.jpg,wrong,generic,True,True,False,False,False,chợ,,chợ,,có một_vài chiếc xe_máy đang được dựng ở trước cửa_hàng,có những chiếc xe_máy đang đỗ ở trước một toà nhà ||| có những chiếc xe_máy xuất_hiện ở trước khu chợ ||| có một người bảo_vệ đang đứng ở trên bậc thềm ||| ở trên bậc thềm có sự xuất_hiện của một người làm_việc bảo_vệ ||| có những bức tranh có nền màu xanh dương ở phía trước cửa_hàng,"ViG mô tả đúng một số chi tiết như xe_máy; bỏ sót cultural term chợ; bỏ sót/giảm nhẹ các chi tiết bảo_vệ, bậc, thềm, đỗ và toà; lệch sang các chi tiết một_vài, dựng và cửa_hàng."
generic_caption,5390,00000005390.jpg,partial,generic,False,False,False,False,False,,,,,có nhiều mặt_hàng đồ trang_trí được bày_bán trong cửa_hàng,có một_vài người phụ_nữ đang đứng trước sạp hàng ||| những người phụ_nữ đang tụ_tập ở trước quầy hàng ||| có những chiếc túi được treo ở không gian phía trên của quầy hàng ||| có một món đồ đang được người phụ_nữ mặc váy tím cầm lên ||| người phụ_nữ mặc váy tím đang cầm một sản_phẩm trên tay,"ViG chưa khớp rõ với các chi tiết chính trong ảnh; bỏ sót/giảm nhẹ các chi tiết hàng, quầy, mặc, váy và tím; lệch sang các chi tiết mặt_hàng, đồ, trang_trí, bày_bán và cửa_hàng."
